target_class,target_class_name,image_index,source_true_label,original_pred,targeted_pred,control_pred,original_target_margin,targeted_target_margin,control_target_margin,targeted_margin_increase,control_margin_increase,targeted_minus_control_margin
1,american_bulldog,2373,31,31,31,31,-18.38340950012207,-18.91692352294922,-17.832685470581055,-0.5335140228271484,0.5507240295410156,-1.084238052368164
1,american_bulldog,2221,22,22,22,22,-13.25860595703125,-10.735771179199219,-12.892921447753906,2.5228347778320312,0.36568450927734375,2.1571502685546875
1,american_bulldog,1390,33,33,33,33,-14.677414894104004,-15.848917007446289,-13.476107597351074,-1.1715021133422852,1.2013072967529297,-2.372809410095215
1,american_bulldog,418,32,32,32,32,-20.415882110595703,-18.571945190429688,-19.211524963378906,1.8439369201660156,1.2043571472167969,0.6395797729492188
1,american_bulldog,2377,27,27,27,27,-17.451345443725586,-17.186967849731445,-16.48316192626953,0.2643775939941406,0.9681835174560547,-0.7038059234619141
1,american_bulldog,1314,10,10,10,10,-15.392035484313965,-13.975783348083496,-14.881120681762695,1.4162521362304688,0.5109148025512695,0.9053373336791992
1,american_bulldog,1973,27,27,27,27,-17.97405242919922,-18.007076263427734,-17.46996307373047,-0.033023834228515625,0.50408935546875,-0.5371131896972656
1,american_bulldog,3621,10,10,10,10,-16.349050521850586,-14.727106094360352,-14.830373764038086,1.6219444274902344,1.5186767578125,0.10326766967773438
1,american_bulldog,3242,24,24,24,24,-18.026594161987305,-16.63372039794922,-17.180484771728516,1.392873764038086,0.8461093902587891,0.5467643737792969
1,american_bulldog,2781,13,13,13,13,-15.474447250366211,-14.844324111938477,-14.374247550964355,0.6301231384277344,1.1001996994018555,-0.4700765609741211
1,american_bulldog,3369,28,28,28,28,-8.251106262207031,-6.446267604827881,-9.02570915222168,1.8048386573791504,-0.7746028900146484,2.579441547393799
1,american_bulldog,1229,12,12,12,12,-21.468799591064453,-19.819988250732422,-19.82671356201172,1.6488113403320312,1.6420860290527344,0.006725311279296875
1,american_bulldog,2461,32,32,32,32,-12.765438079833984,-11.47618293762207,-12.413317680358887,1.289255142211914,0.35212039947509766,0.9371347427368164
1,american_bulldog,3625,19,19,19,19,-10.709088325500488,-8.243635177612305,-10.722578048706055,2.4654531478881836,-0.013489723205566406,2.47894287109375
1,american_bulldog,1212,10,10,10,10,-22.66632843017578,-20.474212646484375,-20.177703857421875,2.1921157836914062,2.4886245727539062,-0.2965087890625
1,american_bulldog,417,23,23,23,23,-17.66329574584961,-15.844128608703613,-19.11357879638672,1.819167137145996,-1.4502830505371094,3.2694501876831055
1,american_bulldog,1131,31,31,31,31,-23.397037506103516,-23.252094268798828,-21.340309143066406,0.1449432373046875,2.0567283630371094,-1.9117851257324219
1,american_bulldog,501,14,14,14,14,-6.705855369567871,-4.566258430480957,-6.601617813110352,2.139596939086914,0.10423755645751953,2.0353593826293945
1,american_bulldog,1666,3,3,3,3,-17.791057586669922,-16.15163230895996,-16.315387725830078,1.639425277709961,1.4756698608398438,0.1637554168701172
1,american_bulldog,641,25,25,25,25,-16.456937789916992,-13.601131439208984,-16.6750545501709,2.855806350708008,-0.21811676025390625,3.073923110961914
1,american_bulldog,1141,18,18,18,18,-19.264217376708984,-16.83561134338379,-19.226152420043945,2.4286060333251953,0.03806495666503906,2.3905410766601562
1,american_bulldog,1155,23,23,23,23,-18.956798553466797,-17.307498931884766,-19.471927642822266,1.6492996215820312,-0.5151290893554688,2.1644287109375
1,american_bulldog,2832,4,4,4,4,-11.321697235107422,-8.709911346435547,-9.521595001220703,2.611785888671875,1.8001022338867188,0.8116836547851562
1,american_bulldog,2358,3,3,3,3,-14.085094451904297,-12.084718704223633,-12.567270278930664,2.000375747680664,1.5178241729736328,0.48255157470703125
1,american_bulldog,1954,33,33,33,33,-15.075681686401367,-15.1727933883667,-14.05911636352539,-0.09711170196533203,1.0165653228759766,-1.1136770248413086
1,american_bulldog,2234,9,9,9,9,-13.625532150268555,-11.934000015258789,-13.965110778808594,1.6915321350097656,-0.33957862854003906,2.0311107635498047
1,american_bulldog,1295,20,20,20,20,-12.25788688659668,-11.282733917236328,-11.648950576782227,0.9751529693603516,0.6089363098144531,0.36621665954589844
1,american_bulldog,179,7,7,7,7,-14.998817443847656,-14.170880317687988,-14.436688423156738,0.827937126159668,0.562129020690918,0.26580810546875
1,american_bulldog,2126,27,27,27,27,-12.400749206542969,-10.696845054626465,-11.92945384979248,1.703904151916504,0.4712953567504883,1.2326087951660156
1,american_bulldog,32,12,12,12,12,-18.055152893066406,-16.666994094848633,-15.974655151367188,1.3881587982177734,2.0804977416992188,-0.6923389434814453
1,american_bulldog,2397,34,34,34,34,-10.177578926086426,-9.639246940612793,-10.890244483947754,0.5383319854736328,-0.7126655578613281,1.250997543334961
1,american_bulldog,1369,30,30,30,16,-7.201128005981445,-7.231871604919434,-7.665863990783691,-0.03074359893798828,-0.4647359848022461,0.4339923858642578
1,american_bulldog,769,15,15,15,15,-13.99466323852539,-12.626840591430664,-14.479555130004883,1.3678226470947266,-0.4848918914794922,1.8527145385742188
1,american_bulldog,3107,3,3,3,3,-13.292572021484375,-12.002391815185547,-12.68824577331543,1.2901802062988281,0.6043262481689453,0.6858539581298828
1,american_bulldog,3420,16,16,16,16,-12.397439002990723,-11.518985748291016,-12.875641822814941,0.878453254699707,-0.47820281982421875,1.3566560745239258
1,american_bulldog,165,7,7,7,7,-15.050251960754395,-12.433603286743164,-13.627204895019531,2.6166486740112305,1.4230470657348633,1.1936016082763672
1,american_bulldog,3103,3,3,3,3,-14.61338996887207,-13.385160446166992,-13.151823997497559,1.2282295227050781,1.4615659713745117,-0.2333364486694336
1,american_bulldog,285,29,29,29,29,-11.768133163452148,-11.12462043762207,-12.355295181274414,0.6435127258300781,-0.5871620178222656,1.2306747436523438
1,american_bulldog,2935,16,16,16,16,-14.645858764648438,-13.276750564575195,-14.948265075683594,1.3691082000732422,-0.30240631103515625,1.6715145111083984
1,american_bulldog,847,30,30,30,30,-15.550384521484375,-15.451876640319824,-15.401731491088867,0.09850788116455078,0.1486530303955078,-0.05014514923095703
1,american_bulldog,2696,36,36,36,36,-28.085941314697266,-25.223464965820312,-26.344600677490234,2.862476348876953,1.7413406372070312,1.1211357116699219
1,american_bulldog,34,16,16,16,16,-21.385337829589844,-18.55897331237793,-21.991031646728516,2.826364517211914,-0.6056938171386719,3.432058334350586
1,american_bulldog,3602,12,12,12,12,-21.61100959777832,-19.594661712646484,-18.677383422851562,2.016347885131836,2.933626174926758,-0.9172782897949219
1,american_bulldog,210,23,23,23,23,-18.817745208740234,-18.02815055847168,-19.721174240112305,0.7895946502685547,-0.9034290313720703,1.693023681640625
1,american_bulldog,1738,25,25,25,25,-12.11387825012207,-10.652731895446777,-12.54167366027832,1.461146354675293,-0.42779541015625,1.888941764831543
1,american_bulldog,3608,22,22,22,22,-17.42921257019043,-15.309388160705566,-17.04201889038086,2.1198244094848633,0.3871936798095703,1.732630729675293
1,american_bulldog,669,5,5,5,5,-10.757258415222168,-7.728092193603516,-11.196380615234375,3.0291662216186523,-0.43912220001220703,3.4682884216308594
1,american_bulldog,1759,22,22,22,22,-15.49215316772461,-13.986828804016113,-14.782729148864746,1.505324363708496,0.7094240188598633,0.7959003448486328
1,american_bulldog,2341,25,25,25,25,-10.255464553833008,-8.016951560974121,-10.47678279876709,2.2385129928588867,-0.22131824493408203,2.4598312377929688
1,american_bulldog,124,16,16,16,16,-8.999458312988281,-6.892327785491943,-9.400428771972656,2.107130527496338,-0.400970458984375,2.508100986480713
1,american_bulldog,2563,29,29,29,29,-15.72150707244873,-14.77331829071045,-16.531753540039062,0.9481887817382812,-0.810246467590332,1.7584352493286133
1,american_bulldog,515,30,30,30,30,-15.31515121459961,-14.593875885009766,-14.992284774780273,0.7212753295898438,0.32286643981933594,0.3984088897705078
1,american_bulldog,936,23,23,23,23,-19.392948150634766,-17.82575225830078,-19.672382354736328,1.5671958923339844,-0.2794342041015625,1.8466300964355469
1,american_bulldog,3123,11,11,11,11,-15.997453689575195,-15.52595043182373,-15.283830642700195,0.47150325775146484,0.713623046875,-0.24211978912353516
1,american_bulldog,1977,19,19,19,19,-25.377620697021484,-22.81785774230957,-24.899839401245117,2.559762954711914,0.4777812957763672,2.081981658935547
1,american_bulldog,324,21,21,21,21,-14.031009674072266,-11.704298973083496,-13.236474990844727,2.3267107009887695,0.7945346832275391,1.5321760177612305
1,american_bulldog,1862,2,2,2,2,-7.818992614746094,-7.455176830291748,-6.654872894287109,0.3638157844543457,1.1641197204589844,-0.8003039360046387
1,american_bulldog,3069,12,12,12,12,-28.25568389892578,-26.69568634033203,-24.78548240661621,1.55999755859375,3.4702014923095703,-1.9102039337158203
1,american_bulldog,2337,36,36,36,36,-15.115272521972656,-12.267561912536621,-13.618736267089844,2.847710609436035,1.4965362548828125,1.3511743545532227
1,american_bulldog,215,11,11,11,11,-9.921247482299805,-9.615703582763672,-9.322919845581055,0.3055438995361328,0.59832763671875,-0.2927837371826172
1,american_bulldog,50,10,10,10,10,-21.55980110168457,-20.204456329345703,-19.459186553955078,1.3553447723388672,2.100614547729492,-0.745269775390625
1,american_bulldog,556,35,35,35,35,-20.24806022644043,-17.95550537109375,-20.232725143432617,2.2925548553466797,0.0153350830078125,2.277219772338867
1,american_bulldog,2265,36,36,36,36,-13.28116226196289,-11.549544334411621,-12.337067604064941,1.7316179275512695,0.9440946578979492,0.7875232696533203
1,american_bulldog,2615,31,31,31,31,-18.217567443847656,-17.455368041992188,-17.178142547607422,0.7621994018554688,1.0394248962402344,-0.2772254943847656
7,bombay,1155,23,23,23,23,-20.732830047607422,-20.595417022705078,-20.145801544189453,0.13741302490234375,0.5870285034179688,-0.449615478515625
7,bombay,1768,5,5,5,5,-14.615415573120117,-13.961774826049805,-14.463022232055664,0.6536407470703125,0.15239334106445312,0.5012474060058594
7,bombay,2842,1,1,1,1,-10.575254440307617,-10.09245491027832,-10.68487548828125,0.4827995300292969,-0.10962104797363281,0.5924205780029297
7,bombay,3332,31,31,31,31,-27.746631622314453,-27.596988677978516,-27.95297622680664,0.1496429443359375,-0.2063446044921875,0.355987548828125
7,bombay,2491,5,5,5,5,-14.257486343383789,-13.742632865905762,-14.30927848815918,0.5148534774780273,-0.051792144775390625,0.566645622253418
7,bombay,3395,32,32,32,32,-18.302871704101562,-17.74777603149414,-18.685115814208984,0.5550956726074219,-0.3822441101074219,0.9373397827148438
7,bombay,2096,18,18,18,18,-17.517765045166016,-16.816322326660156,-17.74331283569336,0.7014427185058594,-0.22554779052734375,0.9269905090332031
7,bombay,1717,18,18,18,18,-15.490325927734375,-13.97292709350586,-15.056254386901855,1.5173988342285156,0.43407154083251953,1.083327293395996
7,bombay,442,19,19,19,19,-20.230125427246094,-19.103654861450195,-20.06707763671875,1.1264705657958984,0.16304779052734375,0.9634227752685547
7,bombay,862,21,21,21,21,-9.661245346069336,-8.885421752929688,-10.195817947387695,0.7758235931396484,-0.5345726013183594,1.3103961944580078
7,bombay,2460,31,31,31,31,-22.66281509399414,-21.853992462158203,-22.770200729370117,0.8088226318359375,-0.10738563537597656,0.9162082672119141
7,bombay,1319,23,23,23,23,-9.00619125366211,-9.208915710449219,-8.884429931640625,-0.20272445678710938,0.12176132202148438,-0.32448577880859375
7,bombay,3437,6,6,6,6,-12.840226173400879,-12.202646255493164,-12.322248458862305,0.6375799179077148,0.5179777145385742,0.11960220336914062
7,bombay,1616,17,17,7,17,-1.69246506690979,0.730919599533081,-0.8668453693389893,2.423384666442871,0.8256196975708008,1.5977649688720703
7,bombay,1767,20,20,20,20,-14.902551651000977,-14.365472793579102,-14.317668914794922,0.537078857421875,0.5848827362060547,-0.04780387878417969
7,bombay,1096,1,1,1,1,-11.800385475158691,-11.003116607666016,-11.445680618286133,0.7972688674926758,0.3547048568725586,0.4425640106201172
7,bombay,486,34,34,34,34,-20.338218688964844,-19.04412841796875,-20.686107635498047,1.2940902709960938,-0.3478889465332031,1.6419792175292969
7,bombay,3356,12,12,12,12,-21.90652847290039,-21.002708435058594,-21.973556518554688,0.9038200378417969,-0.06702804565429688,0.9708480834960938
7,bombay,1270,10,10,10,10,-13.877822875976562,-13.111394882202148,-14.776029586791992,0.7664279937744141,-0.8982067108154297,1.6646347045898438
7,bombay,2174,25,25,25,25,-14.305585861206055,-14.636222839355469,-14.280757904052734,-0.33063697814941406,0.024827957153320312,-0.3554649353027344
7,bombay,3257,27,27,27,27,-11.904413223266602,-11.083406448364258,-11.568721771240234,0.8210067749023438,0.3356914520263672,0.48531532287597656
7,bombay,2310,26,26,26,26,-9.046688079833984,-8.51068115234375,-7.38718318939209,0.5360069274902344,1.6595048904418945,-1.1234979629516602
7,bombay,3443,27,27,27,27,-11.961730003356934,-11.186156272888184,-11.59119701385498,0.77557373046875,0.3705329895019531,0.4050407409667969
7,bombay,1673,0,0,0,0,-19.060575485229492,-19.37649917602539,-19.977447509765625,-0.31592369079589844,-0.9168720245361328,0.6009483337402344
7,bombay,3264,16,16,16,16,-14.14261245727539,-12.67534065246582,-13.776386260986328,1.4672718048095703,0.3662261962890625,1.1010456085205078
7,bombay,2030,33,33,33,33,-19.337778091430664,-17.84823989868164,-19.75139617919922,1.4895381927490234,-0.4136180877685547,1.9031562805175781
7,bombay,3423,3,3,3,3,-16.164899826049805,-14.73879337310791,-15.634173393249512,1.4261064529418945,0.530726432800293,0.8953800201416016
7,bombay,820,27,27,9,27,-5.758984088897705,-5.521245956420898,-5.859515190124512,0.23773813247680664,-0.10053110122680664,0.3382692337036133
7,bombay,3294,32,32,32,32,-3.541943311691284,-2.5999245643615723,-4.343094825744629,0.9420187473297119,-0.8011515140533447,1.7431702613830566
7,bombay,461,6,6,6,6,-10.37930679321289,-9.791845321655273,-9.462383270263672,0.5874614715576172,0.9169235229492188,-0.32946205139160156
7,bombay,2125,15,15,15,15,-15.87302303314209,-15.294198989868164,-15.434306144714355,0.5788240432739258,0.4387168884277344,0.1401071548461914
7,bombay,1544,26,26,26,26,-20.153501510620117,-20.164173126220703,-18.50640106201172,-0.010671615600585938,1.6471004486083984,-1.6577720642089844
7,bombay,3219,10,10,10,10,-20.0743350982666,-19.22541046142578,-21.43503761291504,0.8489246368408203,-1.3607025146484375,2.209627151489258
7,bombay,2008,14,14,14,14,-8.42751407623291,-6.537740707397461,-8.086461067199707,1.8897733688354492,0.3410530090332031,1.548720359802246
7,bombay,1278,4,4,4,4,-10.713138580322266,-10.61131477355957,-10.898418426513672,0.10182380676269531,-0.18527984619140625,0.28710365295410156
7,bombay,2519,15,15,15,15,-8.614922523498535,-7.812650680541992,-8.00129508972168,0.802271842956543,0.6136274337768555,0.1886444091796875
7,bombay,2792,21,21,21,21,-15.864307403564453,-15.069063186645508,-16.562658309936523,0.7952442169189453,-0.6983509063720703,1.4935951232910156
7,bombay,3175,4,4,4,4,-20.48473358154297,-19.161344528198242,-20.279373168945312,1.3233890533447266,0.20536041259765625,1.1180286407470703
7,bombay,2383,9,9,9,9,-15.058123588562012,-15.222108840942383,-14.12929916381836,-0.1639852523803711,0.9288244247436523,-1.0928096771240234
7,bombay,1590,13,13,13,13,-11.182242393493652,-8.901634216308594,-10.381067276000977,2.2806081771850586,0.8011751174926758,1.4794330596923828
7,bombay,2234,9,9,9,9,-14.455815315246582,-14.581400871276855,-13.498441696166992,-0.12558555603027344,0.9573736190795898,-1.0829591751098633
7,bombay,2885,28,28,28,28,-16.4725341796875,-16.440696716308594,-14.686630249023438,0.03183746337890625,1.7859039306640625,-1.7540664672851562
7,bombay,1723,12,12,12,12,-17.38329315185547,-15.732324600219727,-17.138641357421875,1.6509685516357422,0.24465179443359375,1.4063167572021484
7,bombay,997,18,18,18,18,-15.512256622314453,-14.737074851989746,-15.862095832824707,0.775181770324707,-0.3498392105102539,1.125020980834961
7,bombay,2796,9,9,9,9,-18.895126342773438,-19.491832733154297,-17.86048698425293,-0.5967063903808594,1.0346393585205078,-1.6313457489013672
7,bombay,2281,34,34,34,34,-14.260109901428223,-13.731866836547852,-14.871335983276367,0.5282430648803711,-0.6112260818481445,1.1394691467285156
7,bombay,2640,3,3,3,3,-20.070331573486328,-18.54774284362793,-19.241661071777344,1.5225887298583984,0.8286705017089844,0.6939182281494141
7,bombay,1198,15,15,15,15,-15.109638214111328,-14.234783172607422,-14.514059066772461,0.8748550415039062,0.5955791473388672,0.27927589416503906
7,bombay,1214,27,27,27,27,-10.808655738830566,-9.634669303894043,-10.483282089233398,1.1739864349365234,0.32537364959716797,0.8486127853393555
7,bombay,2876,0,0,0,0,-15.995660781860352,-16.723514556884766,-17.409561157226562,-0.7278537750244141,-1.413900375366211,0.6860466003417969
7,bombay,2770,35,35,35,35,-11.862212181091309,-11.594271659851074,-11.239189147949219,0.2679405212402344,0.6230230331420898,-0.35508251190185547
7,bombay,2915,36,36,36,36,-11.718914031982422,-11.328312873840332,-12.492855072021484,0.39060115814208984,-0.7739410400390625,1.1645421981811523
7,bombay,396,30,30,30,30,-13.974008560180664,-13.163066864013672,-14.63687515258789,0.8109416961669922,-0.6628665924072266,1.4738082885742188
7,bombay,930,20,20,26,20,-9.574310302734375,-9.225019454956055,-9.535480499267578,0.3492908477783203,0.038829803466796875,0.31046104431152344
7,bombay,3263,16,16,16,16,-10.984025001525879,-10.103673934936523,-11.005285263061523,0.8803510665893555,-0.02126026153564453,0.901611328125
7,bombay,508,28,28,28,28,-22.328880310058594,-22.196773529052734,-20.60867691040039,0.13210678100585938,1.7202033996582031,-1.5880966186523438
7,bombay,1545,31,31,31,31,-19.10592269897461,-18.19449234008789,-19.135757446289062,0.9114303588867188,-0.029834747314453125,0.9412651062011719
7,bombay,3295,26,26,26,26,-11.56338882446289,-11.183631896972656,-9.836141586303711,0.3797569274902344,1.7272472381591797,-1.3474903106689453
7,bombay,3228,22,22,22,22,-14.61473274230957,-13.529994010925293,-13.239348411560059,1.0847387313842773,1.3753843307495117,-0.2906455993652344
7,bombay,2045,19,19,19,19,-16.69314956665039,-16.448001861572266,-15.950828552246094,0.245147705078125,0.7423210144042969,-0.4971733093261719
7,bombay,1411,28,28,28,17,-10.839780807495117,-10.6014986038208,-10.024251937866211,0.2382822036743164,0.8155288696289062,-0.5772466659545898
7,bombay,3273,3,3,3,3,-17.76220703125,-16.02613067626953,-16.861743927001953,1.7360763549804688,0.9004631042480469,0.8356132507324219
7,bombay,476,5,5,5,5,-11.501067161560059,-10.980634689331055,-11.13795280456543,0.5204324722290039,0.3631143569946289,0.157318115234375
7,bombay,2032,30,30,30,30,-17.609111785888672,-16.272735595703125,-18.545940399169922,1.3363761901855469,-0.93682861328125,2.273204803466797
8,boxer,842,34,34,34,34,-7.191692352294922,-6.658697128295898,-7.195244789123535,0.5329952239990234,-0.0035524368286132812,0.5365476608276367
8,boxer,721,3,3,3,3,-13.706647872924805,-12.668532371520996,-12.89970874786377,1.0381155014038086,0.8069391250610352,0.23117637634277344
8,boxer,3403,4,4,4,4,-6.952064514160156,-5.836272239685059,-6.919966697692871,1.1157922744750977,0.032097816467285156,1.0836944580078125
8,boxer,977,13,13,13,13,-17.441640853881836,-16.776023864746094,-17.333887100219727,0.6656169891357422,0.10775375366210938,0.5578632354736328
8,boxer,87,23,23,23,23,-17.122661590576172,-16.1051025390625,-17.08124542236328,1.0175590515136719,0.041416168212890625,0.9761428833007812
8,boxer,2472,1,1,1,1,-10.295124053955078,-9.187889099121094,-9.265535354614258,1.1072349548339844,1.0295886993408203,0.07764625549316406
8,boxer,2153,25,25,25,25,-14.482467651367188,-13.356428146362305,-14.365493774414062,1.1260395050048828,0.116973876953125,1.0090656280517578
8,boxer,864,12,12,12,12,-21.197021484375,-19.383262634277344,-20.911752700805664,1.8137588500976562,0.28526878356933594,1.5284900665283203
8,boxer,299,5,5,5,5,-14.139122009277344,-13.662092208862305,-14.222768783569336,0.47702980041503906,-0.08364677429199219,0.5606765747070312
8,boxer,3213,19,19,19,19,-10.574960708618164,-9.714744567871094,-10.157724380493164,0.8602161407470703,0.417236328125,0.4429798126220703
8,boxer,115,4,4,4,4,-17.624418258666992,-16.087932586669922,-17.4346981048584,1.5364856719970703,0.18972015380859375,1.3467655181884766
8,boxer,2005,6,6,6,6,-17.920631408691406,-17.345664978027344,-17.1708927154541,0.5749664306640625,0.7497386932373047,-0.1747722625732422
8,boxer,3642,26,26,26,26,-22.579553604125977,-21.0662841796875,-21.956588745117188,1.5132694244384766,0.6229648590087891,0.8903045654296875
8,boxer,451,21,21,21,21,-3.622810125350952,-2.5403103828430176,-3.1484384536743164,1.0824997425079346,0.47437167167663574,0.6081280708312988
8,boxer,2267,25,25,25,25,-14.236485481262207,-13.237375259399414,-13.987278938293457,0.999110221862793,0.24920654296875,0.749903678894043
8,boxer,2130,33,33,33,33,-15.852163314819336,-14.878558158874512,-15.22408676147461,0.9736051559448242,0.6280765533447266,0.34552860260009766
8,boxer,1058,17,17,17,17,-10.186927795410156,-9.297119140625,-9.913349151611328,0.8898086547851562,0.2735786437988281,0.6162300109863281
8,boxer,2374,24,24,24,24,-13.136825561523438,-11.651535987854004,-12.501434326171875,1.4852895736694336,0.6353912353515625,0.8498983383178711
8,boxer,742,22,22,22,22,-13.178659439086914,-11.971264839172363,-13.303789138793945,1.2073945999145508,-0.12512969970703125,1.332524299621582
8,boxer,807,12,12,12,12,-26.207271575927734,-24.712764739990234,-26.252193450927734,1.4945068359375,-0.044921875,1.5394287109375
8,boxer,2454,24,24,24,24,-12.273677825927734,-11.212118148803711,-11.802879333496094,1.0615596771240234,0.4707984924316406,0.5907611846923828
8,boxer,2419,27,27,27,27,-13.185550689697266,-12.18603515625,-13.032370567321777,0.9995155334472656,0.15318012237548828,0.8463354110717773
8,boxer,3183,0,0,0,0,-10.171992301940918,-9.532197952270508,-10.168702125549316,0.6397943496704102,0.0032901763916015625,0.6365041732788086
8,boxer,195,20,20,20,20,-13.595223426818848,-12.836213111877441,-13.470218658447266,0.7590103149414062,0.12500476837158203,0.6340055465698242
8,boxer,231,15,15,15,15,-17.655868530273438,-16.40512466430664,-17.369739532470703,1.2507438659667969,0.2861289978027344,0.9646148681640625
8,boxer,2433,35,35,35,35,-13.668851852416992,-13.149198532104492,-13.635078430175781,0.5196533203125,0.03377342224121094,0.48587989807128906
8,boxer,504,9,9,27,9,-10.466649055480957,-9.903242111206055,-11.120929718017578,0.5634069442749023,-0.6542806625366211,1.2176876068115234
8,boxer,747,28,28,28,28,-14.962491989135742,-13.864916801452637,-14.455232620239258,1.0975751876831055,0.5072593688964844,0.5903158187866211
8,boxer,570,7,7,7,7,-17.931541442871094,-17.725749969482422,-17.968368530273438,0.20579147338867188,-0.03682708740234375,0.24261856079101562
8,boxer,85,7,7,7,7,-15.202951431274414,-14.385858535766602,-14.751667022705078,0.8170928955078125,0.45128440856933594,0.36580848693847656
8,boxer,2525,6,6,6,6,-17.591829299926758,-17.34449577331543,-17.253883361816406,0.24733352661132812,0.33794593811035156,-0.09061241149902344
8,boxer,1084,4,4,4,4,-13.117884635925293,-12.246761322021484,-13.355497360229492,0.8711233139038086,-0.23761272430419922,1.1087360382080078
8,boxer,2825,12,12,12,12,-13.407669067382812,-10.564584732055664,-12.746236801147461,2.8430843353271484,0.6614322662353516,2.181652069091797
8,boxer,3219,10,10,10,10,-16.596702575683594,-15.275908470153809,-16.614234924316406,1.3207941055297852,-0.0175323486328125,1.3383264541625977
8,boxer,1126,16,16,16,16,-12.675013542175293,-11.676034927368164,-12.19516372680664,0.9989786148071289,0.47984981536865234,0.5191287994384766
8,boxer,97,23,23,23,23,-19.201351165771484,-18.556337356567383,-19.258289337158203,0.6450138092041016,-0.05693817138671875,0.7019519805908203
8,boxer,2727,0,0,0,0,-20.193653106689453,-19.39498519897461,-20.72577476501465,0.7986679077148438,-0.5321216583251953,1.330789566040039
8,boxer,2690,20,20,20,20,-12.848967552185059,-12.036821365356445,-12.638015747070312,0.8121461868286133,0.2109518051147461,0.6011943817138672
8,boxer,1456,28,28,28,28,-2.4959394931793213,-0.9037812948226929,-1.8438329696655273,1.5921581983566284,0.652106523513794,0.9400516748428345
8,boxer,3152,17,17,17,17,-16.028427124023438,-15.079145431518555,-15.648266792297363,0.9492816925048828,0.3801603317260742,0.5691213607788086
8,boxer,245,23,23,23,23,-13.413949966430664,-12.38386344909668,-13.481348037719727,1.0300865173339844,-0.0673980712890625,1.0974845886230469
8,boxer,917,29,29,29,29,-20.225845336914062,-19.0439395904541,-19.948387145996094,1.181905746459961,0.27745819091796875,0.9044475555419922
8,boxer,1599,36,36,36,36,-14.806631088256836,-13.92285442352295,-14.369714736938477,0.8837766647338867,0.4369163513183594,0.44686031341552734
8,boxer,995,16,16,16,16,-19.497806549072266,-18.32863998413086,-19.351673126220703,1.1691665649414062,0.1461334228515625,1.0230331420898438
8,boxer,2128,23,23,23,23,-9.318925857543945,-8.281723022460938,-9.097085952758789,1.0372028350830078,0.22183990478515625,0.8153629302978516
8,boxer,1887,16,16,16,16,-18.430240631103516,-17.30249786376953,-18.604204177856445,1.1277427673339844,-0.1739635467529297,1.301706314086914
8,boxer,3164,14,14,14,14,-23.654010772705078,-23.018665313720703,-23.832195281982422,0.635345458984375,-0.17818450927734375,0.8135299682617188
8,boxer,1699,30,30,30,30,-15.142513275146484,-13.85135269165039,-13.7132568359375,1.2911605834960938,1.4292564392089844,-0.13809585571289062
8,boxer,361,19,19,19,19,-16.441360473632812,-15.801667213439941,-16.265979766845703,0.6396932601928711,0.17538070678710938,0.4643125534057617
8,boxer,22,12,12,12,12,-16.91341209411621,-15.252248764038086,-16.817230224609375,1.661163330078125,0.09618186950683594,1.564981460571289
8,boxer,752,18,18,18,18,-12.3712158203125,-11.774999618530273,-12.083480834960938,0.5962162017822266,0.2877349853515625,0.30848121643066406
8,boxer,3626,33,33,33,33,-10.062625885009766,-9.73425579071045,-9.673215866088867,0.3283700942993164,0.38941001892089844,-0.06103992462158203
8,boxer,1920,5,5,5,5,-17.199607849121094,-16.721393585205078,-17.05556297302246,0.4782142639160156,0.1440448760986328,0.3341693878173828
8,boxer,872,14,14,14,14,-8.301002502441406,-8.060998916625977,-8.386703491210938,0.2400035858154297,-0.08570098876953125,0.32570457458496094
8,boxer,11,33,33,33,33,-11.989956855773926,-11.223092079162598,-11.254535675048828,0.7668647766113281,0.7354211807250977,0.03144359588623047
8,boxer,645,14,14,14,14,-19.20060157775879,-18.600961685180664,-19.532060623168945,0.599639892578125,-0.33145904541015625,0.9310989379882812
8,boxer,2729,30,30,30,30,-15.836409568786621,-14.577930450439453,-14.60133171081543,1.258479118347168,1.2350778579711914,0.023401260375976562
8,boxer,2158,19,19,19,19,-20.223190307617188,-19.881916046142578,-20.41693687438965,0.3412742614746094,-0.19374656677246094,0.5350208282470703
8,boxer,882,36,36,36,36,-9.645837783813477,-8.720290184020996,-9.235721588134766,0.9255475997924805,0.41011619567871094,0.5154314041137695
8,boxer,612,17,17,17,17,-15.734641075134277,-15.110892295837402,-15.454734802246094,0.623748779296875,0.2799062728881836,0.3438425064086914
8,boxer,2308,26,26,26,26,-15.461284637451172,-14.479486465454102,-15.083704948425293,0.9817981719970703,0.3775796890258789,0.6042184829711914
8,boxer,786,11,11,11,11,-17.912269592285156,-16.805999755859375,-18.03339958190918,1.1062698364257812,-0.12112998962402344,1.2273998260498047
8,boxer,2449,24,24,24,24,-10.686509132385254,-9.833868980407715,-10.416975021362305,0.8526401519775391,0.2695341110229492,0.5831060409545898
8,boxer,573,29,29,29,29,-15.875823020935059,-14.762090682983398,-15.372140884399414,1.1137323379516602,0.5036821365356445,0.6100502014160156
9,british_shorthair,3078,35,35,35,35,-11.503665924072266,-10.760031700134277,-11.277017593383789,0.7436342239379883,0.22664833068847656,0.5169858932495117
9,british_shorthair,490,15,15,15,15,-18.433862686157227,-17.39402198791504,-18.31997299194336,1.0398406982421875,0.11388969421386719,0.9259510040283203
9,british_shorthair,1793,11,11,11,11,-10.48796558380127,-8.808061599731445,-10.71634292602539,1.6799039840698242,-0.2283773422241211,1.9082813262939453
9,british_shorthair,2651,30,30,30,30,-22.906349182128906,-21.14776039123535,-22.80144500732422,1.7585887908935547,0.1049041748046875,1.6536846160888672
9,british_shorthair,1544,26,26,26,26,-17.25855255126953,-16.29885482788086,-16.959989547729492,0.9596977233886719,0.29856300354003906,0.6611347198486328
9,british_shorthair,669,5,5,5,5,-10.370388984680176,-7.858616828918457,-10.530673027038574,2.5117721557617188,-0.16028404235839844,2.672056198120117
9,british_shorthair,232,35,35,35,35,-14.941045761108398,-14.074769973754883,-14.656349182128906,0.8662757873535156,0.2846965789794922,0.5815792083740234
9,british_shorthair,211,19,19,19,19,-6.234792232513428,-2.140617609024048,-6.722732067108154,4.09417462348938,-0.48793983459472656,4.5821144580841064
9,british_shorthair,2251,23,23,23,23,-5.748322486877441,-3.0893635749816895,-5.946671962738037,2.658958911895752,-0.1983494758605957,2.8573083877563477
9,british_shorthair,2628,34,34,34,34,-6.5012125968933105,-5.636135101318359,-6.376334190368652,0.8650774955749512,0.1248784065246582,0.740199089050293
9,british_shorthair,1621,2,2,2,2,-20.917997360229492,-20.689420700073242,-21.289806365966797,0.22857666015625,-0.3718090057373047,0.6003856658935547
9,british_shorthair,494,13,13,13,13,-19.27129364013672,-18.482757568359375,-19.984678268432617,0.7885360717773438,-0.7133846282958984,1.5019207000732422
9,british_shorthair,367,11,11,11,11,-21.055023193359375,-19.604082107543945,-21.89535140991211,1.4509410858154297,-0.8403282165527344,2.291269302368164
9,british_shorthair,1578,33,33,33,33,-9.967004776000977,-6.7374725341796875,-9.903877258300781,3.229532241821289,0.06312751770019531,3.1664047241210938
9,british_shorthair,1106,10,10,10,10,-12.036092758178711,-10.84334945678711,-11.7340726852417,1.1927433013916016,0.3020200729370117,0.8907232284545898
9,british_shorthair,3035,33,33,33,33,-19.559091567993164,-18.80497932434082,-19.47381591796875,0.7541122436523438,0.08527565002441406,0.6688365936279297
9,british_shorthair,1032,35,35,35,35,-13.150700569152832,-12.208999633789062,-12.853816986083984,0.9417009353637695,0.29688358306884766,0.6448173522949219
9,british_shorthair,2704,23,23,23,23,-11.957286834716797,-10.031573295593262,-12.260554313659668,1.9257135391235352,-0.3032674789428711,2.2289810180664062
9,british_shorthair,1906,16,16,16,16,-22.184288024902344,-20.30717658996582,-22.059799194335938,1.8771114349365234,0.12448883056640625,1.7526226043701172
9,british_shorthair,2172,17,17,17,17,-16.380756378173828,-13.340033531188965,-16.251113891601562,3.0407228469848633,0.12964248657226562,2.9110803604125977
9,british_shorthair,2193,3,3,3,3,-12.283903121948242,-10.035088539123535,-11.804742813110352,2.248814582824707,0.4791603088378906,1.7696542739868164
9,british_shorthair,814,30,30,30,30,-12.442519187927246,-10.172239303588867,-12.959074974060059,2.270279884338379,-0.5165557861328125,2.7868356704711914
9,british_shorthair,2825,12,12,12,12,-15.425041198730469,-13.657330513000488,-14.73094367980957,1.7677106857299805,0.6940975189208984,1.073613166809082
9,british_shorthair,169,18,18,18,18,-27.467605590820312,-24.866771697998047,-27.16466522216797,2.6008338928222656,0.30294036865234375,2.297893524169922
9,british_shorthair,2160,1,1,1,1,-20.574447631835938,-20.27680206298828,-19.90581512451172,0.29764556884765625,0.6686325073242188,-0.3709869384765625
9,british_shorthair,1226,34,34,34,34,-13.830842971801758,-13.722331047058105,-13.673173904418945,0.10851192474365234,0.1576690673828125,-0.049157142639160156
9,british_shorthair,739,23,23,23,23,-16.09349250793457,-14.721087455749512,-16.209373474121094,1.3724050521850586,-0.11588096618652344,1.488286018371582
9,british_shorthair,1804,12,12,12,12,-22.47801399230957,-21.365947723388672,-22.171062469482422,1.1120662689208984,0.30695152282714844,0.80511474609375
9,british_shorthair,1333,8,8,8,8,-12.320426940917969,-11.633049964904785,-13.17629337310791,0.6873769760131836,-0.8558664321899414,1.543243408203125
9,british_shorthair,2146,7,7,7,7,-12.431398391723633,-9.59712028503418,-11.865468978881836,2.834278106689453,0.5659294128417969,2.2683486938476562
9,british_shorthair,383,1,1,1,1,-6.490988254547119,-4.828764915466309,-6.059996604919434,1.6622233390808105,0.43099164962768555,1.231231689453125
9,british_shorthair,1494,3,3,3,3,-14.0419282913208,-11.902838706970215,-14.22218132019043,2.139089584350586,-0.1802530288696289,2.319342613220215
9,british_shorthair,206,4,4,4,4,-9.853401184082031,-7.865720748901367,-10.076529502868652,1.987680435180664,-0.2231283187866211,2.210808753967285
9,british_shorthair,2015,27,27,27,27,-6.372674942016602,-4.870107173919678,-5.950621128082275,1.5025677680969238,0.42205381393432617,1.0805139541625977
9,british_shorthair,3143,4,4,4,4,-13.325349807739258,-11.285872459411621,-13.47006607055664,2.0394773483276367,-0.1447162628173828,2.1841936111450195
9,british_shorthair,902,8,8,8,8,-11.992225646972656,-11.554494857788086,-12.222044944763184,0.4377307891845703,-0.22981929779052734,0.6675500869750977
9,british_shorthair,1161,26,26,26,26,-13.887118339538574,-12.958765029907227,-13.735166549682617,0.9283533096313477,0.15195178985595703,0.7764015197753906
9,british_shorthair,2132,2,2,27,2,-6.692756652832031,-6.862969398498535,-6.878287315368652,-0.1702127456665039,-0.1855306625366211,0.015317916870117188
9,british_shorthair,2218,8,8,8,8,-9.633060455322266,-8.459848403930664,-10.462461471557617,1.1732120513916016,-0.8294010162353516,2.002613067626953
9,british_shorthair,1611,1,1,1,1,-15.543157577514648,-14.144739151000977,-15.273323059082031,1.3984184265136719,0.2698345184326172,1.1285839080810547
9,british_shorthair,1984,15,15,15,15,-21.321828842163086,-19.778461456298828,-21.154165267944336,1.5433673858642578,0.16766357421875,1.3757038116455078
9,british_shorthair,1115,8,8,8,8,-16.724708557128906,-15.000368118286133,-17.087692260742188,1.7243404388427734,-0.36298370361328125,2.0873241424560547
9,british_shorthair,2361,18,18,18,18,-11.591794967651367,-8.850229263305664,-11.887663841247559,2.741565704345703,-0.2958688735961914,3.0374345779418945
9,british_shorthair,2278,2,2,2,2,-10.101300239562988,-8.854326248168945,-10.550668716430664,1.246973991394043,-0.4493684768676758,1.6963424682617188
9,british_shorthair,3126,15,15,15,15,-17.044857025146484,-16.09111976623535,-17.338531494140625,0.9537372589111328,-0.2936744689941406,1.2474117279052734
9,british_shorthair,1674,11,11,11,11,-12.772957801818848,-12.364791870117188,-12.54820728302002,0.40816593170166016,0.22475051879882812,0.18341541290283203
9,british_shorthair,1856,36,36,36,36,-15.011093139648438,-12.185967445373535,-14.977848052978516,2.8251256942749023,0.033245086669921875,2.7918806076049805
9,british_shorthair,1669,14,14,14,14,-15.279857635498047,-15.211674690246582,-16.304407119750977,0.06818294525146484,-1.0245494842529297,1.0927324295043945
9,british_shorthair,1916,17,17,17,17,-15.898612976074219,-12.422357559204102,-15.66903305053711,3.476255416870117,0.22957992553710938,3.246675491333008
9,british_shorthair,1082,3,3,3,3,-7.930551528930664,-5.635515213012695,-7.847446441650391,2.2950363159179688,0.08310508728027344,2.2119312286376953
9,british_shorthair,1996,26,26,26,26,-15.347065925598145,-13.503030776977539,-14.887116432189941,1.8440351486206055,0.4599494934082031,1.3840856552124023
9,british_shorthair,2464,25,25,25,25,-13.220599174499512,-11.232226371765137,-13.13464641571045,1.988372802734375,0.0859527587890625,1.9024200439453125
9,british_shorthair,2756,19,19,19,19,-11.660598754882812,-10.117615699768066,-11.654294967651367,1.542983055114746,0.0063037872314453125,1.5366792678833008
9,british_shorthair,742,22,22,22,22,-11.512356758117676,-11.390629768371582,-11.447343826293945,0.12172698974609375,0.06501293182373047,0.05671405792236328
9,british_shorthair,1712,21,21,21,21,-18.351409912109375,-16.297977447509766,-18.931116104125977,2.0534324645996094,-0.5797061920166016,2.633138656616211
9,british_shorthair,2739,36,36,36,36,-13.471885681152344,-11.469078063964844,-13.670319557189941,2.0028076171875,-0.19843387603759766,2.2012414932250977
9,british_shorthair,1656,31,31,31,31,-16.065208435058594,-14.247498512268066,-16.495227813720703,1.8177099227905273,-0.4300193786621094,2.2477293014526367
9,british_shorthair,2717,11,11,11,11,-14.94405746459961,-13.935440063476562,-15.235113143920898,1.0086174011230469,-0.29105567932128906,1.299673080444336
9,british_shorthair,1714,0,0,0,0,-7.016797065734863,-3.722195863723755,-7.086254119873047,3.2946012020111084,-0.0694570541381836,3.364058256149292
9,british_shorthair,2205,35,35,35,35,-14.648626327514648,-14.990365982055664,-15.033079147338867,-0.3417396545410156,-0.38445281982421875,0.042713165283203125
9,british_shorthair,941,24,24,24,24,-16.495492935180664,-14.357669830322266,-16.18126678466797,2.1378231048583984,0.3142261505126953,1.8235969543457031
9,british_shorthair,393,22,22,22,22,-16.673446655273438,-15.838047981262207,-15.827027320861816,0.8353986740112305,0.8464193344116211,-0.011020660400390625
9,british_shorthair,3093,13,13,13,13,-11.644306182861328,-11.465242385864258,-12.340071678161621,0.1790637969970703,-0.695765495300293,0.8748292922973633
9,british_shorthair,3069,12,12,12,12,-22.10211944580078,-20.608976364135742,-21.668495178222656,1.493143081665039,0.433624267578125,1.059518814086914
11,egyptian_mau,3101,27,27,27,27,-10.121530532836914,-8.663000106811523,-10.100102424621582,1.4585304260253906,0.02142810821533203,1.4371023178100586
11,egyptian_mau,2634,34,34,34,34,-15.753061294555664,-15.789594650268555,-15.466278076171875,-0.036533355712890625,0.28678321838378906,-0.3233165740966797
11,egyptian_mau,1040,28,28,28,28,-17.11650848388672,-15.81251335144043,-17.44279670715332,1.303995132446289,-0.32628822326660156,1.6302833557128906
11,egyptian_mau,245,23,23,23,23,-16.908138275146484,-15.735677719116211,-16.938732147216797,1.1724605560302734,-0.0305938720703125,1.203054428100586
11,egyptian_mau,3176,5,5,5,5,-11.964672088623047,-10.52802562713623,-11.903647422790527,1.4366464614868164,0.06102466583251953,1.3756217956542969
11,egyptian_mau,310,14,14,14,14,-14.822408676147461,-13.247358322143555,-14.15001392364502,1.5750503540039062,0.6723947525024414,0.9026556015014648
11,egyptian_mau,1191,13,13,13,13,-15.214162826538086,-15.041921615600586,-15.511672973632812,0.1722412109375,-0.29751014709472656,0.46975135803222656
11,egyptian_mau,3624,17,17,17,17,-11.49869155883789,-10.119009017944336,-11.26626205444336,1.3796825408935547,0.23242950439453125,1.1472530364990234
11,egyptian_mau,716,15,15,15,15,-17.018630981445312,-15.958257675170898,-16.726913452148438,1.060373306274414,0.291717529296875,0.7686557769775391
11,egyptian_mau,3479,31,31,31,31,-20.024658203125,-18.43888282775879,-19.75171661376953,1.585775375366211,0.27294158935546875,1.3128337860107422
11,egyptian_mau,1798,15,15,15,15,-17.905710220336914,-17.10706329345703,-17.985801696777344,0.7986469268798828,-0.08009147644042969,0.8787384033203125
11,egyptian_mau,3580,0,0,0,0,-11.537325859069824,-10.806406021118164,-11.636197090148926,0.7309198379516602,-0.09887123107910156,0.8297910690307617
11,egyptian_mau,3047,12,12,12,12,-22.33323097229004,-20.336402893066406,-21.78507423400879,1.9968280792236328,0.54815673828125,1.4486713409423828
11,egyptian_mau,3179,21,21,21,21,-13.99691104888916,-12.358963012695312,-14.270419120788574,1.6379480361938477,-0.27350807189941406,1.9114561080932617
11,egyptian_mau,2829,28,28,28,28,-14.274908065795898,-12.601146697998047,-14.420628547668457,1.6737613677978516,-0.1457204818725586,1.8194818496704102
11,egyptian_mau,1045,34,34,34,34,-15.044353485107422,-14.679898262023926,-14.666374206542969,0.3644552230834961,0.3779792785644531,-0.013524055480957031
11,egyptian_mau,3609,26,26,26,26,-12.778617858886719,-10.666540145874023,-12.204767227172852,2.1120777130126953,0.5738506317138672,1.5382270812988281
11,egyptian_mau,3399,18,18,18,18,-10.389314651489258,-9.847023963928223,-10.906563758850098,0.5422906875610352,-0.5172491073608398,1.059539794921875
11,egyptian_mau,1503,14,14,14,14,-14.227558135986328,-13.153486251831055,-13.94009780883789,1.0740718841552734,0.2874603271484375,0.7866115570068359
11,egyptian_mau,3232,35,35,35,35,-9.974921226501465,-8.498875617980957,-9.958916664123535,1.4760456085205078,0.016004562377929688,1.4600410461425781
11,egyptian_mau,1541,8,8,8,8,-15.673336029052734,-14.08547592163086,-15.63222885131836,1.587860107421875,0.041107177734375,1.5467529296875
11,egyptian_mau,1261,22,22,22,22,-15.674175262451172,-14.55740737915039,-15.46087646484375,1.1167678833007812,0.21329879760742188,0.9034690856933594
11,egyptian_mau,816,7,7,7,7,-5.117163181304932,-4.296872615814209,-5.004741191864014,0.8202905654907227,0.11242198944091797,0.7078685760498047
11,egyptian_mau,1450,10,10,10,10,-17.392127990722656,-14.040029525756836,-17.163848876953125,3.3520984649658203,0.22827911376953125,3.123819351196289
11,egyptian_mau,3445,14,14,14,14,-15.526542663574219,-13.839826583862305,-15.008360862731934,1.686716079711914,0.5181818008422852,1.168534278869629
11,egyptian_mau,3224,12,12,12,12,-11.458368301391602,-10.226441383361816,-10.74011516571045,1.2319269180297852,0.7182531356811523,0.5136737823486328
11,egyptian_mau,918,6,6,6,6,-22.862287521362305,-20.043537139892578,-22.410795211791992,2.8187503814697266,0.4514923095703125,2.367258071899414
11,egyptian_mau,964,10,10,10,10,-18.196922302246094,-16.090181350708008,-17.406938552856445,2.106740951538086,0.7899837493896484,1.3167572021484375
11,egyptian_mau,1448,20,20,20,20,-14.407401084899902,-14.658051490783691,-15.045513153076172,-0.25065040588378906,-0.6381120681762695,0.38746166229248047
11,egyptian_mau,1543,0,0,0,0,-7.876174449920654,-4.445744514465332,-7.861234664916992,3.4304299354553223,0.01493978500366211,3.41549015045166
11,egyptian_mau,3587,20,20,20,20,-11.019731521606445,-10.596351623535156,-11.593511581420898,0.42337989807128906,-0.5737800598144531,0.9971599578857422
11,egyptian_mau,1235,30,30,30,30,-18.120609283447266,-17.062026977539062,-17.014278411865234,1.0585823059082031,1.1063308715820312,-0.047748565673828125
11,egyptian_mau,525,12,12,12,12,-18.320331573486328,-16.193037033081055,-17.32514190673828,2.1272945404052734,0.9951896667480469,1.1321048736572266
11,egyptian_mau,2985,9,9,9,9,-12.848881721496582,-10.106939315795898,-14.063040733337402,2.7419424057006836,-1.2141590118408203,3.956101417541504
11,egyptian_mau,642,23,23,23,23,-22.394180297851562,-21.572404861450195,-22.42053985595703,0.8217754364013672,-0.02635955810546875,0.8481349945068359
11,egyptian_mau,1180,21,21,21,21,-18.928239822387695,-17.1909122467041,-19.08963394165039,1.7373275756835938,-0.1613941192626953,1.898721694946289
11,egyptian_mau,3248,3,3,3,3,-12.493354797363281,-11.295621871948242,-12.920132637023926,1.197732925415039,-0.42677783966064453,1.6245107650756836
11,egyptian_mau,2617,20,20,20,20,-9.823081970214844,-9.188460350036621,-9.610909461975098,0.6346216201782227,0.2121725082397461,0.42244911193847656
11,egyptian_mau,2383,9,9,9,9,-12.20966911315918,-9.270933151245117,-13.203031539916992,2.9387359619140625,-0.9933624267578125,3.932098388671875
11,egyptian_mau,2648,35,35,35,35,-6.19769287109375,-4.13682222366333,-6.1330718994140625,2.06087064743042,0.0646209716796875,1.9962496757507324
11,egyptian_mau,3433,27,27,27,27,-6.695712089538574,-3.464573860168457,-6.190179824829102,3.231138229370117,0.5055322647094727,2.7256059646606445
11,egyptian_mau,871,9,9,9,9,-13.574487686157227,-10.081326484680176,-14.574172973632812,3.493161201477051,-0.9996852874755859,4.492846488952637
11,egyptian_mau,104,17,17,17,17,-17.44729995727539,-15.86600112915039,-17.86147689819336,1.581298828125,-0.41417694091796875,1.9954757690429688
11,egyptian_mau,1023,18,18,18,18,-19.325504302978516,-17.937252044677734,-19.57452392578125,1.3882522583007812,-0.24901962280273438,1.6372718811035156
11,egyptian_mau,1286,21,21,21,21,-18.94074058532715,-17.07715606689453,-19.06332015991211,1.8635845184326172,-0.12257957458496094,1.9861640930175781
11,egyptian_mau,2421,5,5,5,5,-2.6088972091674805,-0.5519049167633057,-2.355677604675293,2.056992292404175,0.2532196044921875,1.8037726879119873
11,egyptian_mau,1589,19,19,19,19,-10.502283096313477,-9.399701118469238,-10.801379203796387,1.1025819778442383,-0.29909610748291016,1.4016780853271484
11,egyptian_mau,2437,17,17,17,17,-17.748153686523438,-15.456873893737793,-18.175838470458984,2.2912797927856445,-0.4276847839355469,2.7189645767211914
11,egyptian_mau,55,18,18,18,18,-16.88439178466797,-15.597261428833008,-16.9034366607666,1.287130355834961,-0.019044876098632812,1.3061752319335938
11,egyptian_mau,1651,6,6,6,6,-18.925724029541016,-16.242557525634766,-19.984455108642578,2.68316650390625,-1.0587310791015625,3.7418975830078125
11,egyptian_mau,335,9,9,9,9,-11.233022689819336,-8.263219833374023,-10.671196937561035,2.9698028564453125,0.5618257522583008,2.4079771041870117
11,egyptian_mau,1975,14,14,14,14,-22.351072311401367,-21.471240997314453,-22.096885681152344,0.8798313140869141,0.25418663024902344,0.6256446838378906
11,egyptian_mau,2248,0,0,0,0,-14.400096893310547,-12.942163467407227,-14.76479721069336,1.4579334259033203,-0.3647003173828125,1.8226337432861328
11,egyptian_mau,1683,7,7,7,7,-15.798680305480957,-14.429289817810059,-15.929840087890625,1.3693904876708984,-0.13115978240966797,1.5005502700805664
11,egyptian_mau,24,9,9,9,9,-16.926950454711914,-14.505050659179688,-16.156469345092773,2.4218997955322266,0.7704811096191406,1.651418685913086
11,egyptian_mau,1385,19,19,19,19,-18.159040451049805,-16.8957576751709,-18.39339828491211,1.2632827758789062,-0.2343578338623047,1.497640609741211
11,egyptian_mau,3075,35,35,35,35,-22.795299530029297,-21.832834243774414,-22.97981834411621,0.9624652862548828,-0.18451881408691406,1.1469841003417969
11,egyptian_mau,2228,1,1,1,1,-22.602935791015625,-21.848468780517578,-22.56237030029297,0.7544670104980469,0.04056549072265625,0.7139015197753906
11,egyptian_mau,975,9,9,11,9,-3.1029112339019775,0.27912139892578125,-2.9684348106384277,3.382032632827759,0.1344764232635498,3.247556209564209
11,egyptian_mau,359,6,6,6,6,-18.710182189941406,-16.12714195251465,-19.014310836791992,2.583040237426758,-0.30412864685058594,2.8871688842773438
11,egyptian_mau,2517,34,34,34,34,-16.135202407836914,-15.320074081420898,-15.383304595947266,0.8151283264160156,0.7518978118896484,0.06323051452636719
11,egyptian_mau,934,34,34,34,34,-14.144962310791016,-13.324966430664062,-13.266389846801758,0.8199958801269531,0.8785724639892578,-0.05857658386230469
11,egyptian_mau,848,5,5,5,5,-15.916423797607422,-15.098799705505371,-15.815802574157715,0.8176240921020508,0.10062122344970703,0.7170028686523438
11,egyptian_mau,428,18,18,18,18,-12.998067855834961,-12.314668655395508,-13.21464729309082,0.6833992004394531,-0.21657943725585938,0.8999786376953125
14,german_shorthaired,3575,17,17,17,17,-27.720420837402344,-25.696813583374023,-28.112266540527344,2.0236072540283203,-0.391845703125,2.4154529571533203
14,german_shorthaired,1645,30,30,30,30,-20.637439727783203,-19.501331329345703,-20.443355560302734,1.1361083984375,0.19408416748046875,0.9420242309570312
14,german_shorthaired,2365,35,35,35,35,-11.064216613769531,-9.950480461120605,-11.298612594604492,1.1137361526489258,-0.23439598083496094,1.3481321334838867
14,german_shorthaired,2204,16,16,16,16,-17.267793655395508,-16.56901741027832,-17.150989532470703,0.6987762451171875,0.11680412292480469,0.5819721221923828
14,german_shorthaired,1423,8,8,8,8,-12.871865272521973,-11.351693153381348,-12.717942237854004,1.520172119140625,0.15392303466796875,1.3662490844726562
14,german_shorthaired,2825,12,12,12,12,-11.694986343383789,-10.242218971252441,-11.563024520874023,1.4527673721313477,0.13196182250976562,1.320805549621582
14,german_shorthaired,3623,27,27,27,27,-13.895944595336914,-12.758002281188965,-14.170509338378906,1.1379423141479492,-0.2745647430419922,1.4125070571899414
14,german_shorthaired,59,12,12,12,12,-9.057844161987305,-8.010001182556152,-8.923039436340332,1.0478429794311523,0.13480472564697266,0.9130382537841797
14,german_shorthaired,2799,20,20,20,20,-17.390888214111328,-15.63129997253418,-18.208417892456055,1.7595882415771484,-0.8175296783447266,2.577117919921875
14,german_shorthaired,1897,3,3,3,3,-10.251420021057129,-9.052278518676758,-10.726759910583496,1.199141502380371,-0.4753398895263672,1.6744813919067383
14,german_shorthaired,1668,26,26,26,26,-14.894328117370605,-13.966226577758789,-14.658913612365723,0.9281015396118164,0.2354145050048828,0.6926870346069336
14,german_shorthaired,3461,16,16,16,16,-14.996740341186523,-12.472660064697266,-14.595388412475586,2.524080276489258,0.4013519287109375,2.1227283477783203
14,german_shorthaired,1375,30,30,30,30,-21.525390625,-20.65496826171875,-21.120779037475586,0.87042236328125,0.40461158752441406,0.46581077575683594
14,german_shorthaired,1328,3,3,3,3,-9.44906234741211,-8.09312915802002,-10.174872398376465,1.3559331893920898,-0.7258100509643555,2.0817432403564453
14,german_shorthaired,1205,8,8,8,8,-16.1290225982666,-16.052122116088867,-15.897211074829102,0.07690048217773438,0.2318115234375,-0.15491104125976562
14,german_shorthaired,3034,13,13,13,13,-13.907316207885742,-12.8533296585083,-14.072440147399902,1.0539865493774414,-0.16512393951416016,1.2191104888916016
14,german_shorthaired,3401,24,24,24,24,-2.9405908584594727,-0.8887529373168945,-2.5932531356811523,2.051837921142578,0.3473377227783203,1.7045001983642578
14,german_shorthaired,1495,32,32,10,32,-7.80345344543457,-7.44084358215332,-8.016441345214844,0.36260986328125,-0.21298789978027344,0.5755977630615234
14,german_shorthaired,1349,36,36,36,36,-15.0096435546875,-14.196199417114258,-14.793561935424805,0.8134441375732422,0.2160816192626953,0.5973625183105469
14,german_shorthaired,2831,24,24,24,24,-17.85694122314453,-17.32862091064453,-18.39317512512207,0.5283203125,-0.5362339019775391,1.064554214477539
14,german_shorthaired,3436,30,30,30,30,-17.04835319519043,-16.72398567199707,-16.94463539123535,0.3243675231933594,0.10371780395507812,0.22064971923828125
14,german_shorthaired,2814,16,16,16,16,-22.617570877075195,-20.524328231811523,-22.117645263671875,2.093242645263672,0.4999256134033203,1.5933170318603516
14,german_shorthaired,841,9,9,9,9,-13.344736099243164,-11.340656280517578,-14.3938570022583,2.004079818725586,-1.0491209030151367,3.0532007217407227
14,german_shorthaired,1467,29,29,29,29,-10.431280136108398,-10.189311981201172,-10.990084648132324,0.24196815490722656,-0.5588045120239258,0.8007726669311523
14,german_shorthaired,515,30,30,30,30,-16.762868881225586,-15.827869415283203,-16.68393898010254,0.9349994659423828,0.07892990112304688,0.8560695648193359
14,german_shorthaired,1579,3,3,3,3,-5.65984582901001,-3.856856107711792,-5.841380596160889,1.8029897212982178,-0.1815347671508789,1.9845244884490967
14,german_shorthaired,1011,36,36,36,36,-12.825833320617676,-11.486644744873047,-12.406925201416016,1.339188575744629,0.41890811920166016,0.9202804565429688
14,german_shorthaired,1178,7,7,7,7,-18.340778350830078,-17.481033325195312,-18.368696212768555,0.8597450256347656,-0.027917861938476562,0.8876628875732422
14,german_shorthaired,694,21,21,21,21,-14.93075942993164,-14.077747344970703,-14.698709487915039,0.8530120849609375,0.23204994201660156,0.6209621429443359
14,german_shorthaired,2287,32,32,32,32,-10.27254867553711,-9.161413192749023,-10.449331283569336,1.111135482788086,-0.17678260803222656,1.2879180908203125
14,german_shorthaired,3176,5,5,5,5,-15.753522872924805,-14.769306182861328,-15.503469467163086,0.9842166900634766,0.25005340576171875,0.7341632843017578
14,german_shorthaired,130,34,34,34,34,-6.257322788238525,-5.199463844299316,-6.270432472229004,1.057858943939209,-0.013109683990478516,1.0709686279296875
14,german_shorthaired,311,18,18,18,18,-15.491911888122559,-14.501834869384766,-15.44683837890625,0.990077018737793,0.045073509216308594,0.9450035095214844
14,german_shorthaired,2374,24,24,24,24,-11.151617050170898,-9.621831893920898,-11.237099647521973,1.52978515625,-0.08548259735107422,1.6152677536010742
14,german_shorthaired,2133,35,35,35,35,-12.01600456237793,-11.780842781066895,-12.264755249023438,0.23516178131103516,-0.2487506866455078,0.48391246795654297
14,german_shorthaired,1877,26,26,26,26,-16.07467269897461,-14.943127632141113,-15.781648635864258,1.131545066833496,0.29302406311035156,0.8385210037231445
14,german_shorthaired,2113,2,2,2,2,-5.346014022827148,-4.326093673706055,-5.155633926391602,1.0199203491210938,0.19038009643554688,0.8295402526855469
14,german_shorthaired,3075,35,35,35,35,-20.58184814453125,-19.997596740722656,-20.903274536132812,0.5842514038085938,-0.3214263916015625,0.9056777954101562
14,german_shorthaired,223,8,8,8,8,-7.315699577331543,-6.059974670410156,-7.272012710571289,1.2557249069213867,0.043686866760253906,1.2120380401611328
14,german_shorthaired,3015,21,21,21,21,-14.661467552185059,-13.512519836425781,-14.172945976257324,1.1489477157592773,0.4885215759277344,0.660426139831543
14,german_shorthaired,292,16,16,16,16,-10.023847579956055,-8.803485870361328,-9.622950553894043,1.2203617095947266,0.4008970260620117,0.8194646835327148
14,german_shorthaired,2032,30,30,30,30,-24.478580474853516,-23.769573211669922,-23.995248794555664,0.7090072631835938,0.48333168029785156,0.2256755828857422
14,german_shorthaired,3110,25,25,25,25,-13.09524917602539,-10.712699890136719,-13.192626953125,2.382549285888672,-0.09737777709960938,2.4799270629882812
14,german_shorthaired,3325,7,7,7,7,-21.09921646118164,-20.550939559936523,-21.243623733520508,0.5482769012451172,-0.1444072723388672,0.6926841735839844
14,german_shorthaired,296,6,6,6,6,-20.324689865112305,-18.851675033569336,-20.55924415588379,1.4730148315429688,-0.23455429077148438,1.7075691223144531
14,german_shorthaired,884,16,16,16,16,-13.578758239746094,-12.571178436279297,-13.341163635253906,1.0075798034667969,0.2375946044921875,0.7699851989746094
14,german_shorthaired,1012,31,31,31,31,-20.214969635009766,-19.34064292907715,-20.829931259155273,0.8743267059326172,-0.6149616241455078,1.489288330078125
14,german_shorthaired,3382,28,28,28,28,-11.66042709350586,-10.153404235839844,-12.300848007202148,1.5070228576660156,-0.6404209136962891,2.1474437713623047
14,german_shorthaired,432,5,5,5,5,-10.062905311584473,-9.781630516052246,-9.84284782409668,0.28127479553222656,0.22005748748779297,0.061217308044433594
14,german_shorthaired,2477,4,4,4,4,-5.499353885650635,-4.107975006103516,-5.200962066650391,1.3913788795471191,0.29839181900024414,1.092987060546875
14,german_shorthaired,3404,6,6,6,6,-16.04863166809082,-14.257856369018555,-16.081533432006836,1.7907752990722656,-0.032901763916015625,1.8236770629882812
14,german_shorthaired,2128,23,23,23,23,-13.177501678466797,-11.9952392578125,-13.309913635253906,1.1822624206542969,-0.13241195678710938,1.3146743774414062
14,german_shorthaired,588,1,1,1,1,-14.622570037841797,-13.633157730102539,-14.622867584228516,0.9894123077392578,-0.00029754638671875,0.9897098541259766
14,german_shorthaired,3070,28,28,28,28,-22.364601135253906,-21.235517501831055,-23.49094009399414,1.1290836334228516,-1.1263389587402344,2.255422592163086
14,german_shorthaired,1882,11,11,11,11,-22.20168685913086,-21.504623413085938,-22.14822769165039,0.6970634460449219,0.05345916748046875,0.6436042785644531
14,german_shorthaired,3027,4,4,4,4,-10.799246788024902,-9.063214302062988,-10.412612915039062,1.736032485961914,0.38663387298583984,1.3493986129760742
14,german_shorthaired,93,7,7,7,7,-15.332565307617188,-13.968727111816406,-15.261613845825195,1.3638381958007812,0.07095146179199219,1.292886734008789
14,german_shorthaired,1067,17,17,17,17,-20.208755493164062,-19.17900848388672,-20.168577194213867,1.0297470092773438,0.04017829895019531,0.9895687103271484
14,german_shorthaired,1496,28,28,28,28,-14.956886291503906,-13.815410614013672,-15.654707908630371,1.1414756774902344,-0.6978216171264648,1.8392972946166992
14,german_shorthaired,2460,31,31,31,31,-15.74170970916748,-14.312785148620605,-15.636085510253906,1.428924560546875,0.10562419891357422,1.3233003616333008
14,german_shorthaired,2320,22,22,22,22,-15.899476051330566,-14.576616287231445,-16.74496841430664,1.322859764099121,-0.8454923629760742,2.1683521270751953
14,german_shorthaired,620,20,20,20,20,-16.326290130615234,-15.691277503967285,-16.000093460083008,0.6350126266479492,0.32619667053222656,0.30881595611572266
14,german_shorthaired,3430,12,12,12,12,-15.055185317993164,-14.45290756225586,-14.792259216308594,0.6022777557373047,0.2629261016845703,0.3393516540527344
14,german_shorthaired,3483,9,9,9,9,-17.549213409423828,-15.601806640625,-18.707021713256836,1.9474067687988281,-1.1578083038330078,3.105215072631836
15,great_pyrenees,862,21,21,21,21,-13.051438331604004,-11.505794525146484,-13.355152130126953,1.5456438064575195,-0.3037137985229492,1.8493576049804688
15,great_pyrenees,60,3,3,3,3,-24.24532699584961,-21.782541275024414,-23.80876922607422,2.4627857208251953,0.4365577697753906,2.0262279510498047
15,great_pyrenees,1504,32,32,32,32,-16.96037483215332,-15.342852592468262,-15.941967010498047,1.6175222396850586,1.0184078216552734,0.5991144180297852
15,great_pyrenees,1742,0,0,0,0,-17.15047836303711,-16.062564849853516,-16.323928833007812,1.0879135131835938,0.8265495300292969,0.2613639831542969
15,great_pyrenees,348,5,5,5,5,-20.435285568237305,-18.353912353515625,-20.35899543762207,2.0813732147216797,0.07629013061523438,2.0050830841064453
15,great_pyrenees,1275,30,30,30,30,-15.9979829788208,-15.133783340454102,-15.571840286254883,0.8641996383666992,0.42614269256591797,0.43805694580078125
15,great_pyrenees,1895,18,18,18,18,-12.217794418334961,-11.282028198242188,-13.206790924072266,0.9357662200927734,-0.9889965057373047,1.9247627258300781
15,great_pyrenees,3204,23,23,23,23,-7.194894313812256,-6.326993942260742,-7.615632057189941,0.8679003715515137,-0.42073774337768555,1.2886381149291992
15,great_pyrenees,807,12,12,12,12,-25.45929718017578,-25.36421012878418,-24.714839935302734,0.09508705139160156,0.7444572448730469,-0.6493701934814453
15,great_pyrenees,3498,10,10,10,10,-11.867159843444824,-11.158132553100586,-11.258843421936035,0.7090272903442383,0.6083164215087891,0.10071086883544922
15,great_pyrenees,2586,25,25,25,25,-18.796947479248047,-16.886640548706055,-19.24555778503418,1.9103069305419922,-0.4486103057861328,2.358917236328125
15,great_pyrenees,2671,27,27,27,27,-19.52861213684082,-16.802963256835938,-18.044750213623047,2.725648880004883,1.4838619232177734,1.2417869567871094
15,great_pyrenees,3309,5,5,5,5,-9.185367584228516,-8.07803726196289,-9.581989288330078,1.107330322265625,-0.3966217041015625,1.5039520263671875
15,great_pyrenees,1726,25,25,25,25,-10.997535705566406,-8.754456520080566,-11.300098419189453,2.24307918548584,-0.3025627136230469,2.5456418991088867
15,great_pyrenees,3337,7,7,7,7,-15.093106269836426,-13.667396545410156,-14.099037170410156,1.4257097244262695,0.9940690994262695,0.431640625
15,great_pyrenees,3015,21,21,21,21,-20.29262924194336,-18.650650024414062,-20.4482364654541,1.6419792175292969,-0.1556072235107422,1.797586441040039
15,great_pyrenees,1956,36,36,36,36,-14.754766464233398,-11.8953857421875,-13.899862289428711,2.8593807220458984,0.8549041748046875,2.004476547241211
15,great_pyrenees,3651,8,8,8,8,-13.739212036132812,-11.100479125976562,-13.94871711730957,2.63873291015625,-0.2095050811767578,2.848237991333008
15,great_pyrenees,1432,7,7,7,7,-13.242656707763672,-11.977521896362305,-12.397248268127441,1.2651348114013672,0.8454084396362305,0.4197263717651367
15,great_pyrenees,3116,29,29,29,29,-18.393247604370117,-17.137104034423828,-18.2562255859375,1.256143569946289,0.1370220184326172,1.1191215515136719
15,great_pyrenees,731,18,18,18,18,-10.420272827148438,-9.694474220275879,-11.581117630004883,0.7257986068725586,-1.1608448028564453,1.886643409729004
15,great_pyrenees,1281,12,12,12,12,-24.364839553833008,-23.662906646728516,-23.25212860107422,0.7019329071044922,1.112710952758789,-0.4107780456542969
15,great_pyrenees,854,4,4,4,4,-17.474864959716797,-16.102073669433594,-16.801408767700195,1.3727912902832031,0.6734561920166016,0.6993350982666016
15,great_pyrenees,32,12,12,12,12,-16.544462203979492,-15.276637077331543,-15.310821533203125,1.2678251266479492,1.2336406707763672,0.03418445587158203
15,great_pyrenees,2162,35,35,35,35,-9.34259033203125,-8.935466766357422,-9.279764175415039,0.4071235656738281,0.06282615661621094,0.3442974090576172
15,great_pyrenees,3536,19,19,19,19,-18.093666076660156,-16.214603424072266,-18.513736724853516,1.8790626525878906,-0.4200706481933594,2.29913330078125
15,great_pyrenees,2437,17,17,17,17,-18.489187240600586,-17.323984146118164,-17.58933448791504,1.1652030944824219,0.8998527526855469,0.265350341796875
15,great_pyrenees,2313,1,1,1,1,-10.83671760559082,-10.190912246704102,-10.76422119140625,0.6458053588867188,0.07249641418457031,0.5733089447021484
15,great_pyrenees,1069,16,16,16,16,-11.874568939208984,-10.811817169189453,-11.553679466247559,1.0627517700195312,0.3208894729614258,0.7418622970581055
15,great_pyrenees,2574,12,12,12,12,-12.221990585327148,-10.48194694519043,-10.97779655456543,1.7400436401367188,1.2441940307617188,0.495849609375
15,great_pyrenees,708,32,32,32,32,-14.059585571289062,-12.829930305480957,-12.890287399291992,1.2296552658081055,1.1692981719970703,0.060357093811035156
15,great_pyrenees,458,21,21,10,21,-13.837030410766602,-11.989045143127441,-13.322952270507812,1.8479852676391602,0.5140781402587891,1.333907127380371
15,great_pyrenees,1872,9,9,9,9,-24.347871780395508,-22.813831329345703,-24.11142921447754,1.5340404510498047,0.23644256591796875,1.297597885131836
15,great_pyrenees,1688,21,21,21,21,-16.761981964111328,-14.796514511108398,-17.04343032836914,1.9654674530029297,-0.2814483642578125,2.246915817260742
15,great_pyrenees,617,21,21,21,21,-15.416637420654297,-13.770018577575684,-15.432653427124023,1.6466188430786133,-0.016016006469726562,1.6626348495483398
15,great_pyrenees,2555,16,16,16,16,-9.965083122253418,-8.365240097045898,-9.6688814163208,1.5998430252075195,0.2962017059326172,1.3036413192749023
15,great_pyrenees,619,1,1,1,1,-8.388050079345703,-7.526043891906738,-8.444618225097656,0.8620061874389648,-0.056568145751953125,0.918574333190918
15,great_pyrenees,290,10,10,10,10,-11.868035316467285,-11.193792343139648,-11.466177940368652,0.6742429733276367,0.4018573760986328,0.2723855972290039
15,great_pyrenees,138,17,17,17,17,-15.394983291625977,-14.103666305541992,-14.621000289916992,1.2913169860839844,0.7739830017089844,0.517333984375
15,great_pyrenees,995,16,16,16,16,-17.0542049407959,-14.86721420288086,-16.216224670410156,2.186990737915039,0.8379802703857422,1.3490104675292969
15,great_pyrenees,3374,26,26,26,26,-18.309375762939453,-17.571630477905273,-17.877830505371094,0.7377452850341797,0.4315452575683594,0.3062000274658203
15,great_pyrenees,2494,5,5,5,5,-4.796397686004639,-3.2172584533691406,-4.70987606048584,1.579139232635498,0.08652162551879883,1.4926176071166992
15,great_pyrenees,208,36,36,36,36,-12.164850234985352,-10.470117568969727,-11.955765724182129,1.694732666015625,0.20908451080322266,1.4856481552124023
15,great_pyrenees,337,20,20,20,20,-16.522985458374023,-15.218238830566406,-16.2967586517334,1.3047466278076172,0.226226806640625,1.0785198211669922
15,great_pyrenees,552,27,27,27,27,-17.607500076293945,-15.362325668334961,-16.4796142578125,2.2451744079589844,1.1278858184814453,1.117288589477539
15,great_pyrenees,1375,30,30,30,30,-22.411182403564453,-22.04442596435547,-22.46209716796875,0.3667564392089844,-0.050914764404296875,0.41767120361328125
15,great_pyrenees,1743,22,22,22,22,-14.559199333190918,-12.803033828735352,-14.518508911132812,1.7561655044555664,0.04069042205810547,1.715475082397461
15,great_pyrenees,2740,11,11,11,11,-15.468260765075684,-14.719677925109863,-14.20132827758789,0.7485828399658203,1.266932487487793,-0.5183496475219727
15,great_pyrenees,2791,25,25,25,25,-15.658361434936523,-13.12598705291748,-16.045263290405273,2.532374382019043,-0.38690185546875,2.919276237487793
15,great_pyrenees,1992,29,29,29,29,-8.1626558303833,-6.620431900024414,-8.177759170532227,1.5422239303588867,-0.015103340148925781,1.5573272705078125
15,great_pyrenees,3585,31,31,31,31,-17.22899627685547,-16.01071548461914,-17.07024574279785,1.2182807922363281,0.1587505340576172,1.059530258178711
15,great_pyrenees,3227,24,24,24,24,-10.943078994750977,-8.797948837280273,-9.80717658996582,2.145130157470703,1.1359024047851562,1.0092277526855469
15,great_pyrenees,2077,1,1,1,1,-4.024012565612793,-2.4505934715270996,-3.56388521194458,1.5734190940856934,0.4601273536682129,1.1132917404174805
15,great_pyrenees,1030,6,6,6,6,-11.641670227050781,-10.455132484436035,-11.46728515625,1.186537742614746,0.17438507080078125,1.0121526718139648
15,great_pyrenees,1437,7,7,7,7,-17.48807144165039,-16.421274185180664,-16.594362258911133,1.0667972564697266,0.8937091827392578,0.17308807373046875
15,great_pyrenees,3291,14,14,14,14,-20.76936912536621,-18.991748809814453,-20.445520401000977,1.7776203155517578,0.3238487243652344,1.4537715911865234
15,great_pyrenees,2729,30,30,30,30,-15.462465286254883,-14.102646827697754,-15.391468048095703,1.359818458557129,0.07099723815917969,1.2888212203979492
15,great_pyrenees,987,13,13,13,13,-15.369125366210938,-13.171939849853516,-15.41108512878418,2.197185516357422,-0.04195976257324219,2.239145278930664
15,great_pyrenees,361,19,19,19,19,-11.434341430664062,-9.784844398498535,-12.006223678588867,1.6494970321655273,-0.5718822479248047,2.221379280090332
15,great_pyrenees,3589,0,0,0,0,-18.44378089904785,-16.461856842041016,-17.420759201049805,1.981924057006836,1.0230216979980469,0.9589023590087891
15,great_pyrenees,2124,34,34,34,34,-16.362520217895508,-14.835960388183594,-16.507652282714844,1.526559829711914,-0.14513206481933594,1.67169189453125
15,great_pyrenees,1513,18,18,18,18,-7.884523868560791,-6.728414535522461,-8.764822006225586,1.15610933303833,-0.8802981376647949,2.036407470703125
15,great_pyrenees,636,17,17,17,17,-18.589147567749023,-17.417369842529297,-17.484922409057617,1.1717777252197266,1.1042251586914062,0.06755256652832031
15,great_pyrenees,2775,20,20,20,20,-5.741783142089844,-4.047072410583496,-5.85227108001709,1.6947107315063477,-0.1104879379272461,1.8051986694335938
16,havanese,3577,32,32,32,32,-19.973087310791016,-19.20920181274414,-20.142852783203125,0.763885498046875,-0.16976547241210938,0.9336509704589844
16,havanese,2460,31,31,31,31,-19.67306137084961,-18.648088455200195,-19.565570831298828,1.024972915649414,0.10749053955078125,0.9174823760986328
16,havanese,2422,27,27,27,27,-11.429605484008789,-11.054256439208984,-11.59740161895752,0.3753490447998047,-0.16779613494873047,0.5431451797485352
16,havanese,2647,27,27,9,9,-9.819103240966797,-9.089659690856934,-9.683536529541016,0.7294435501098633,0.13556671142578125,0.593876838684082
16,havanese,345,24,24,24,24,-7.277460098266602,-6.582225799560547,-7.056521415710449,0.6952342987060547,0.22093868255615234,0.47429561614990234
16,havanese,3527,25,25,25,25,-12.920248985290527,-12.141517639160156,-13.111367225646973,0.7787313461303711,-0.1911182403564453,0.9698495864868164
16,havanese,2904,22,22,22,22,-18.14206886291504,-17.89297103881836,-18.17932891845703,0.2490978240966797,-0.03726005554199219,0.2863578796386719
16,havanese,3470,24,24,24,24,-11.763208389282227,-10.868917465209961,-11.331281661987305,0.8942909240722656,0.4319267272949219,0.46236419677734375
16,havanese,1486,3,3,3,3,-21.98546600341797,-22.099231719970703,-22.004478454589844,-0.11376571655273438,-0.019012451171875,-0.09475326538085938
16,havanese,509,30,30,30,30,-7.327330589294434,-7.000665187835693,-7.154019832611084,0.32666540145874023,0.1733107566833496,0.15335464477539062
16,havanese,1209,29,29,29,29,-15.302350997924805,-14.658495903015137,-15.599352836608887,0.643855094909668,-0.29700183868408203,0.94085693359375
16,havanese,713,29,29,29,29,-22.421493530273438,-22.572771072387695,-22.795795440673828,-0.1512775421142578,-0.3743019104003906,0.2230243682861328
16,havanese,2514,20,20,20,20,-17.776031494140625,-17.291378021240234,-17.557384490966797,0.4846534729003906,0.21864700317382812,0.2660064697265625
16,havanese,1665,14,14,14,14,-13.667252540588379,-13.29452133178711,-13.77560806274414,0.37273120880126953,-0.10835552215576172,0.48108673095703125
16,havanese,1573,9,9,9,9,-16.431556701660156,-15.76695728302002,-16.664913177490234,0.6645994186401367,-0.23335647583007812,0.8979558944702148
16,havanese,2805,17,17,17,17,-2.443373203277588,-1.0317182540893555,-3.0996592044830322,1.4116549491882324,-0.6562860012054443,2.0679409503936768
16,havanese,906,36,36,36,36,-9.143948554992676,-8.400948524475098,-8.853166580200195,0.7430000305175781,0.29078197479248047,0.45221805572509766
16,havanese,777,28,28,28,28,-17.524391174316406,-16.5982666015625,-17.542469024658203,0.9261245727539062,-0.018077850341796875,0.9442024230957031
16,havanese,3202,1,1,1,1,-24.636714935302734,-23.422382354736328,-24.60638427734375,1.2143325805664062,0.030330657958984375,1.1840019226074219
16,havanese,1256,7,7,7,7,-13.179113388061523,-12.325357437133789,-13.475616455078125,0.8537559509277344,-0.29650306701660156,1.150259017944336
16,havanese,2030,33,33,33,33,-19.324501037597656,-18.21160888671875,-19.113807678222656,1.1128921508789062,0.210693359375,0.9021987915039062
16,havanese,1488,21,21,21,21,-21.628238677978516,-20.701007843017578,-21.669845581054688,0.9272308349609375,-0.041606903076171875,0.9688377380371094
16,havanese,1429,24,24,24,24,-13.785258293151855,-13.209748268127441,-13.332511901855469,0.5755100250244141,0.4527463912963867,0.12276363372802734
16,havanese,2992,26,26,26,26,-5.529911041259766,-4.49414587020874,-5.69600772857666,1.0357651710510254,-0.16609668731689453,1.20186185836792
16,havanese,1249,21,21,21,21,-17.61176109313965,-16.545764923095703,-17.70233917236328,1.0659961700439453,-0.09057807922363281,1.1565742492675781
16,havanese,122,11,11,11,11,-22.39791488647461,-21.13510513305664,-23.42694664001465,1.2628097534179688,-1.029031753540039,2.291841506958008
16,havanese,649,36,36,36,36,-3.0598790645599365,-2.4135959148406982,-2.894261121749878,0.6462831497192383,0.1656179428100586,0.4806652069091797
16,havanese,1757,32,32,32,32,-21.235471725463867,-20.242237091064453,-21.286575317382812,0.9932346343994141,-0.05110359191894531,1.0443382263183594
16,havanese,3498,10,10,10,10,-9.810818672180176,-8.882325172424316,-9.941840171813965,0.9284934997558594,-0.13102149963378906,1.0595149993896484
16,havanese,878,7,7,7,7,-14.536561965942383,-13.907858848571777,-15.056629180908203,0.6287031173706055,-0.5200672149658203,1.1487703323364258
16,havanese,2613,25,25,25,25,-15.460197448730469,-14.564019203186035,-15.521970748901367,0.8961782455444336,-0.06177330017089844,0.957951545715332
16,havanese,874,4,4,4,4,-17.707460403442383,-16.587932586669922,-17.874675750732422,1.119527816772461,-0.16721534729003906,1.2867431640625
16,havanese,2860,17,17,17,17,-15.677257537841797,-14.66636848449707,-16.229738235473633,1.0108890533447266,-0.5524806976318359,1.5633697509765625
16,havanese,931,30,30,30,30,-9.996325492858887,-9.386371612548828,-9.815423011779785,0.6099538803100586,0.18090248107910156,0.42905139923095703
16,havanese,3407,20,20,20,20,-17.219043731689453,-16.586200714111328,-17.315349578857422,0.632843017578125,-0.09630584716796875,0.7291488647460938
16,havanese,2714,13,13,13,13,-17.610435485839844,-17.41339874267578,-18.006183624267578,0.1970367431640625,-0.3957481384277344,0.5927848815917969
16,havanese,342,25,25,25,25,-16.55335235595703,-15.893465042114258,-16.8294620513916,0.6598873138427734,-0.2761096954345703,0.9359970092773438
16,havanese,1795,35,35,35,35,-1.8937122821807861,-0.7784198522567749,-1.4480400085449219,1.1152924299240112,0.44567227363586426,0.669620156288147
16,havanese,634,31,31,31,31,-22.791580200195312,-21.735008239746094,-22.785545349121094,1.0565719604492188,0.00603485107421875,1.050537109375
16,havanese,968,34,34,34,34,-10.432971954345703,-10.067502975463867,-10.815227508544922,0.36546897888183594,-0.38225555419921875,0.7477245330810547
16,havanese,2518,27,27,27,27,-12.014469146728516,-11.244068145751953,-12.022146224975586,0.7704010009765625,-0.0076770782470703125,0.7780780792236328
16,havanese,227,23,23,23,23,-17.689090728759766,-17.550384521484375,-17.670242309570312,0.13870620727539062,0.018848419189453125,0.1198577880859375
16,havanese,3292,4,4,4,4,-23.47589683532715,-22.307388305664062,-23.62491226196289,1.168508529663086,-0.1490154266357422,1.3175239562988281
16,havanese,1653,21,21,21,21,-14.384929656982422,-13.61097526550293,-14.459135055541992,0.7739543914794922,-0.07420539855957031,0.8481597900390625
16,havanese,2846,0,0,0,0,-20.013471603393555,-18.79619598388672,-20.06993293762207,1.217275619506836,-0.056461334228515625,1.2737369537353516
16,havanese,3551,34,34,34,34,-12.978131294250488,-12.177831649780273,-13.589582443237305,0.8002996444702148,-0.6114511489868164,1.4117507934570312
16,havanese,3127,6,6,6,6,-16.41193962097168,-15.663429260253906,-16.47244644165039,0.7485103607177734,-0.06050682067871094,0.8090171813964844
16,havanese,715,0,0,5,5,-7.124052047729492,-6.686434268951416,-7.238778591156006,0.43761777877807617,-0.11472654342651367,0.5523443222045898
16,havanese,3447,8,8,8,8,-11.611828804016113,-10.993940353393555,-11.855627059936523,0.6178884506225586,-0.24379825592041016,0.8616867065429688
16,havanese,2020,27,27,27,27,-12.33810806274414,-11.40987777709961,-12.330989837646484,0.9282302856445312,0.00711822509765625,0.921112060546875
16,havanese,876,12,12,12,12,-9.224536895751953,-9.331466674804688,-9.258197784423828,-0.10692977905273438,-0.033660888671875,-0.07326889038085938
16,havanese,2739,36,36,36,36,-8.182443618774414,-7.5788893699646,-8.170952796936035,0.6035542488098145,0.011490821838378906,0.5920634269714355
16,havanese,2210,5,5,5,5,-20.80838966369629,-20.123666763305664,-20.721349716186523,0.684722900390625,0.08703994750976562,0.5976829528808594
16,havanese,2028,32,32,32,32,-17.699344635009766,-16.960350036621094,-17.88587760925293,0.7389945983886719,-0.18653297424316406,0.9255275726318359
16,havanese,1853,23,23,23,23,-13.654679298400879,-13.440006256103516,-13.63671875,0.21467304229736328,0.017960548400878906,0.19671249389648438
16,havanese,1242,29,29,29,29,-7.56633186340332,-6.559857368469238,-7.598809242248535,1.006474494934082,-0.032477378845214844,1.0389518737792969
16,havanese,238,29,29,29,29,-18.553314208984375,-18.076921463012695,-18.777217864990234,0.4763927459716797,-0.22390365600585938,0.7002964019775391
16,havanese,2722,15,15,15,15,-14.627656936645508,-14.331830024719238,-14.734498977661133,0.29582691192626953,-0.106842041015625,0.40266895294189453
16,havanese,1817,30,30,30,30,-11.110876083374023,-11.062786102294922,-11.038675308227539,0.04808998107910156,0.07220077514648438,-0.024110794067382812
16,havanese,987,13,13,13,13,-19.903213500976562,-19.460140228271484,-20.492162704467773,0.4430732727050781,-0.5889492034912109,1.032022476196289
16,havanese,919,18,18,18,18,-13.006936073303223,-12.509566307067871,-13.353240966796875,0.49736976623535156,-0.34630489349365234,0.8436746597290039
16,havanese,997,18,18,18,18,-12.03605842590332,-11.189079284667969,-12.036364555358887,0.8469791412353516,-0.00030612945556640625,0.847285270690918
16,havanese,752,18,18,18,18,-12.65861701965332,-12.032764434814453,-12.621047019958496,0.6258525848388672,0.03756999969482422,0.588282585144043
16,havanese,944,9,9,9,9,-10.146422386169434,-9.533635139465332,-10.072221755981445,0.6127872467041016,0.07420063018798828,0.5385866165161133
17,japanese_chin,1989,8,8,8,8,-11.467466354370117,-11.546932220458984,-11.080894470214844,-0.07946586608886719,0.38657188415527344,-0.4660377502441406
17,japanese_chin,1295,20,20,20,20,-12.15326976776123,-11.952951431274414,-12.255420684814453,0.2003183364868164,-0.10215091705322266,0.30246925354003906
17,japanese_chin,3034,13,13,13,13,-14.473551750183105,-14.18860149383545,-14.436342239379883,0.28495025634765625,0.037209510803222656,0.2477407455444336
17,japanese_chin,3120,16,16,16,16,-9.59094524383545,-9.250833511352539,-10.295721054077148,0.34011173248291016,-0.7047758102416992,1.0448875427246094
17,japanese_chin,1158,5,5,5,5,-12.224040985107422,-11.989602088928223,-12.192960739135742,0.23443889617919922,0.031080245971679688,0.20335865020751953
17,japanese_chin,337,20,20,20,20,-17.499717712402344,-16.911470413208008,-17.596839904785156,0.5882472991943359,-0.0971221923828125,0.6853694915771484
17,japanese_chin,528,14,14,14,14,-8.476691246032715,-8.384653091430664,-8.192136764526367,0.09203815460205078,0.28455448150634766,-0.19251632690429688
17,japanese_chin,1862,2,2,2,2,-11.934427261352539,-11.726048469543457,-11.818567276000977,0.20837879180908203,0.1158599853515625,0.09251880645751953
17,japanese_chin,2404,3,3,3,3,-20.661924362182617,-20.51958656311035,-20.477924346923828,0.14233779907226562,0.18400001525878906,-0.04166221618652344
17,japanese_chin,152,27,27,27,27,-19.676082611083984,-19.591611862182617,-18.97228240966797,0.08447074890136719,0.7038002014160156,-0.6193294525146484
17,japanese_chin,150,35,35,35,35,-18.4713134765625,-17.991939544677734,-18.2000732421875,0.4793739318847656,0.271240234375,0.20813369750976562
17,japanese_chin,3498,10,10,10,10,-9.543766021728516,-9.515692710876465,-9.043540000915527,0.02807331085205078,0.5002260208129883,-0.4721527099609375
17,japanese_chin,836,1,1,1,1,-14.834094047546387,-14.635210037231445,-14.176568984985352,0.1988840103149414,0.6575250625610352,-0.45864105224609375
17,japanese_chin,2313,1,1,1,1,-10.681507110595703,-10.642291069030762,-10.208012580871582,0.039216041564941406,0.4734945297241211,-0.4342784881591797
17,japanese_chin,1637,9,9,9,9,-18.685707092285156,-18.633380889892578,-18.245189666748047,0.052326202392578125,0.4405174255371094,-0.38819122314453125
17,japanese_chin,2443,27,27,27,27,-14.126021385192871,-13.908151626586914,-13.329381942749023,0.21786975860595703,0.7966394424438477,-0.5787696838378906
17,japanese_chin,3377,20,20,20,20,-13.323275566101074,-13.135032653808594,-13.666160583496094,0.18824291229248047,-0.34288501739501953,0.5311279296875
17,japanese_chin,2088,22,22,22,22,-14.123608589172363,-13.93834114074707,-13.973971366882324,0.18526744842529297,0.14963722229003906,0.035630226135253906
17,japanese_chin,1986,18,18,18,18,-14.98997974395752,-14.701011657714844,-14.565908432006836,0.2889680862426758,0.4240713119506836,-0.1351032257080078
17,japanese_chin,1476,4,4,4,4,-16.02806854248047,-16.11833953857422,-15.120384216308594,-0.09027099609375,0.907684326171875,-0.997955322265625
17,japanese_chin,482,32,32,32,32,-18.534700393676758,-18.441265106201172,-17.690940856933594,0.09343528747558594,0.8437595367431641,-0.7503242492675781
17,japanese_chin,3144,22,22,22,22,-14.636666297912598,-14.288558959960938,-14.901386260986328,0.34810733795166016,-0.26471996307373047,0.6128273010253906
17,japanese_chin,237,5,5,5,5,-18.422792434692383,-18.41925621032715,-18.3966121673584,0.003536224365234375,0.026180267333984375,-0.02264404296875
17,japanese_chin,2703,33,33,33,33,-12.944740295410156,-12.721735000610352,-12.804506301879883,0.2230052947998047,0.14023399353027344,0.08277130126953125
17,japanese_chin,839,13,13,13,13,-15.58476448059082,-15.481491088867188,-15.311084747314453,0.10327339172363281,0.2736797332763672,-0.17040634155273438
17,japanese_chin,241,34,34,34,34,-13.890778541564941,-13.99752140045166,-13.282689094543457,-0.10674285888671875,0.6080894470214844,-0.7148323059082031
17,japanese_chin,1252,35,35,30,30,-6.886868000030518,-6.314626693725586,-6.9870781898498535,0.5722413063049316,-0.10021018981933594,0.6724514961242676
17,japanese_chin,2343,1,1,1,1,-10.173227310180664,-9.675484657287598,-9.55720329284668,0.4977426528930664,0.6160240173339844,-0.11828136444091797
17,japanese_chin,1645,30,30,30,30,-24.423431396484375,-24.161151885986328,-24.434337615966797,0.2622795104980469,-0.010906219482421875,0.27318572998046875
17,japanese_chin,1821,25,25,25,25,-13.394487380981445,-13.479854583740234,-13.212151527404785,-0.08536720275878906,0.18233585357666016,-0.2677030563354492
17,japanese_chin,2677,7,7,7,7,-22.697269439697266,-23.04755401611328,-22.329021453857422,-0.3502845764160156,0.36824798583984375,-0.7185325622558594
17,japanese_chin,2599,18,18,18,18,-8.786649703979492,-8.726663589477539,-8.836705207824707,0.059986114501953125,-0.050055503845214844,0.11004161834716797
17,japanese_chin,3284,29,29,29,29,-19.902088165283203,-19.729711532592773,-19.723064422607422,0.1723766326904297,0.17902374267578125,-0.0066471099853515625
17,japanese_chin,1672,23,23,23,23,-7.715466499328613,-6.8225836753845215,-8.627095222473145,0.8928828239440918,-0.9116287231445312,1.804511547088623
17,japanese_chin,1863,6,6,6,6,-10.10382080078125,-9.804405212402344,-9.696439743041992,0.29941558837890625,0.4073810577392578,-0.10796546936035156
17,japanese_chin,1146,16,16,16,16,-14.223355293273926,-14.252790451049805,-14.693979263305664,-0.029435157775878906,-0.4706239700317383,0.4411888122558594
17,japanese_chin,699,20,20,20,20,-12.766881942749023,-12.3076171875,-12.99213981628418,0.45926475524902344,-0.22525787353515625,0.6845226287841797
17,japanese_chin,2838,32,32,32,32,-15.506572723388672,-15.418495178222656,-15.112659454345703,0.08807754516601562,0.39391326904296875,-0.3058357238769531
17,japanese_chin,2367,10,10,10,10,-22.42403221130371,-22.252485275268555,-21.894168853759766,0.17154693603515625,0.5298633575439453,-0.35831642150878906
17,japanese_chin,98,28,28,28,28,-15.413423538208008,-15.466158866882324,-15.000533103942871,-0.052735328674316406,0.4128904342651367,-0.4656257629394531
17,japanese_chin,2698,12,12,12,12,-7.644290447235107,-7.0046586990356445,-8.13383674621582,0.6396317481994629,-0.4895462989807129,1.1291780471801758
17,japanese_chin,3584,12,12,12,12,-14.955973625183105,-14.895034790039062,-15.226009368896484,0.06093883514404297,-0.2700357437133789,0.3309745788574219
17,japanese_chin,596,9,9,9,9,-13.386894226074219,-13.005885124206543,-13.280585289001465,0.3810091018676758,0.1063089370727539,0.2747001647949219
17,japanese_chin,2866,13,13,13,13,-20.742849349975586,-20.49109649658203,-20.317813873291016,0.2517528533935547,0.4250354766845703,-0.17328262329101562
17,japanese_chin,2714,13,13,13,13,-11.534432411193848,-11.731188774108887,-11.783221244812012,-0.19675636291503906,-0.24878883361816406,0.052032470703125
17,japanese_chin,2428,32,32,32,32,-14.466033935546875,-13.97956657409668,-13.66109848022461,0.4864673614501953,0.8049354553222656,-0.3184680938720703
17,japanese_chin,1478,3,3,3,3,-15.1265869140625,-14.969991683959961,-15.194711685180664,0.15659523010253906,-0.06812477111816406,0.22472000122070312
17,japanese_chin,3370,35,35,35,35,-15.36816120147705,-14.733244895935059,-15.52495002746582,0.6349163055419922,-0.15678882598876953,0.7917051315307617
17,japanese_chin,1438,27,27,27,27,-19.428058624267578,-19.06060791015625,-18.66957664489746,0.3674507141113281,0.7584819793701172,-0.39103126525878906
17,japanese_chin,3128,11,11,11,11,-11.253219604492188,-11.281898498535156,-11.048263549804688,-0.02867889404296875,0.2049560546875,-0.23363494873046875
17,japanese_chin,2400,30,30,30,30,-18.439029693603516,-17.763259887695312,-18.79570198059082,0.6757698059082031,-0.3566722869873047,1.0324420928955078
17,japanese_chin,2681,16,16,16,16,-6.435067176818848,-6.2977094650268555,-7.593597888946533,0.1373577117919922,-1.1585307121276855,1.2958884239196777
17,japanese_chin,2985,9,9,9,9,-18.74627113342285,-18.576505661010742,-18.158559799194336,0.16976547241210938,0.5877113342285156,-0.41794586181640625
17,japanese_chin,3240,26,26,26,26,-11.206769943237305,-11.005047798156738,-11.089543342590332,0.2017221450805664,0.11722660064697266,0.08449554443359375
17,japanese_chin,2467,7,7,7,7,-23.173715591430664,-23.269287109375,-22.634511947631836,-0.09557151794433594,0.5392036437988281,-0.6347751617431641
17,japanese_chin,2225,1,1,1,1,-13.945711135864258,-13.692499160766602,-13.130282402038574,0.25321197509765625,0.8154287338256836,-0.5622167587280273
17,japanese_chin,1028,26,26,26,26,-11.427706718444824,-10.979748725891113,-10.8731107711792,0.44795799255371094,0.554595947265625,-0.10663795471191406
17,japanese_chin,3183,0,0,0,0,-11.681522369384766,-11.184829711914062,-10.897407531738281,0.4966926574707031,0.7841148376464844,-0.28742218017578125
17,japanese_chin,1253,2,2,2,2,-12.944990158081055,-12.536613464355469,-12.647775650024414,0.40837669372558594,0.2972145080566406,0.11116218566894531
17,japanese_chin,2326,30,30,30,30,-14.659403800964355,-14.244485855102539,-15.023553848266602,0.4149179458618164,-0.3641500473022461,0.7790679931640625
17,japanese_chin,1851,32,32,32,32,-13.383703231811523,-13.291805267333984,-12.971866607666016,0.09189796447753906,0.4118366241455078,-0.31993865966796875
17,japanese_chin,2724,20,20,20,20,-21.60014533996582,-20.99266815185547,-21.288379669189453,0.6074771881103516,0.3117656707763672,0.2957115173339844
17,japanese_chin,809,24,24,24,24,-13.377684593200684,-12.60283374786377,-13.22597885131836,0.7748508453369141,0.15170574188232422,0.6231451034545898
17,japanese_chin,387,10,10,10,10,-18.231657028198242,-18.25970458984375,-18.05320167541504,-0.028047561645507812,0.17845535278320312,-0.20650291442871094
18,keeshond,2986,6,6,6,6,-14.346918106079102,-14.744752883911133,-13.951140403747559,-0.39783477783203125,0.39577770233154297,-0.7936124801635742
18,keeshond,631,36,36,36,36,-10.287590980529785,-7.0762224197387695,-7.894174575805664,3.2113685607910156,2.393416404724121,0.8179521560668945
18,keeshond,1510,35,35,35,35,-12.408490180969238,-11.513154983520508,-12.795122146606445,0.8953351974487305,-0.38663196563720703,1.2819671630859375
18,keeshond,306,31,31,31,31,-12.920530319213867,-11.627431869506836,-13.177382469177246,1.2930984497070312,-0.2568521499633789,1.5499505996704102
18,keeshond,1054,8,8,8,8,-21.006771087646484,-19.183942794799805,-20.044471740722656,1.8228282928466797,0.9622993469238281,0.8605289459228516
18,keeshond,1164,17,17,17,17,-20.056751251220703,-17.53411865234375,-19.83502960205078,2.522632598876953,0.22172164916992188,2.3009109497070312
18,keeshond,72,13,13,13,13,-6.874969482421875,-4.740583419799805,-6.758742809295654,2.1343860626220703,0.1162266731262207,2.0181593894958496
18,keeshond,2658,16,16,16,16,-13.411863327026367,-10.7471284866333,-14.125667572021484,2.6647348403930664,-0.7138042449951172,3.3785390853881836
18,keeshond,816,7,7,7,7,-9.80491828918457,-8.435417175292969,-7.540482521057129,1.3695011138916016,2.2644357681274414,-0.8949346542358398
18,keeshond,813,17,17,17,17,-17.111719131469727,-15.06817626953125,-16.70326042175293,2.0435428619384766,0.4084587097167969,1.6350841522216797
18,keeshond,1158,5,5,5,5,-13.618961334228516,-12.744986534118652,-11.836875915527344,0.8739748001098633,1.7820854187011719,-0.9081106185913086
18,keeshond,1634,34,34,34,34,-12.153295516967773,-12.340126991271973,-11.251043319702148,-0.18683147430419922,0.902252197265625,-1.0890836715698242
18,keeshond,986,5,5,5,11,-10.933647155761719,-9.512687683105469,-8.948740005493164,1.42095947265625,1.9849071502685547,-0.5639476776123047
18,keeshond,1204,10,10,10,10,-19.211240768432617,-18.713747024536133,-16.745454788208008,0.4974937438964844,2.4657859802246094,-1.968292236328125
18,keeshond,1659,28,28,28,28,-10.462608337402344,-6.887157440185547,-10.83123779296875,3.575450897216797,-0.36862945556640625,3.944080352783203
18,keeshond,2669,9,9,9,9,-16.7485294342041,-14.624176979064941,-17.75652313232422,2.12435245513916,-1.0079936981201172,3.1323461532592773
18,keeshond,1262,36,36,36,36,-21.483726501464844,-19.117782592773438,-18.73871612548828,2.3659439086914062,2.7450103759765625,-0.37906646728515625
18,keeshond,3275,6,6,6,6,-16.976499557495117,-16.62864875793457,-15.873055458068848,0.3478507995605469,1.1034440994262695,-0.7555932998657227
18,keeshond,1228,36,36,36,36,-14.330277442932129,-12.519062995910645,-11.74345588684082,1.8112144470214844,2.5868215560913086,-0.7756071090698242
18,keeshond,2753,4,4,4,4,-20.521915435791016,-19.123577117919922,-17.867841720581055,1.3983383178710938,2.654073715209961,-1.2557353973388672
18,keeshond,3118,26,26,26,26,-10.296767234802246,-8.33123779296875,-8.852514266967773,1.965529441833496,1.4442529678344727,0.5212764739990234
18,keeshond,463,33,33,33,33,-16.407960891723633,-15.141901016235352,-15.724380493164062,1.2660598754882812,0.6835803985595703,0.5824794769287109
18,keeshond,1244,9,9,27,9,-9.580007553100586,-8.701078414916992,-11.810918807983398,0.8789291381835938,-2.2309112548828125,3.1098403930664062
18,keeshond,2337,36,36,36,36,-16.235654830932617,-13.733217239379883,-13.204219818115234,2.5024375915527344,3.031435012817383,-0.5289974212646484
18,keeshond,697,17,17,17,17,-17.177413940429688,-14.926239013671875,-17.322471618652344,2.2511749267578125,-0.14505767822265625,2.3962326049804688
18,keeshond,1151,28,28,28,28,-30.83888053894043,-27.68772315979004,-30.798664093017578,3.1511573791503906,0.04021644592285156,3.110940933227539
18,keeshond,165,7,7,7,7,-14.44582748413086,-12.962051391601562,-11.70151424407959,1.4837760925292969,2.7443132400512695,-1.2605371475219727
18,keeshond,775,16,16,16,16,-18.73311424255371,-16.941303253173828,-21.151762008666992,1.7918109893798828,-2.4186477661132812,4.210458755493164
18,keeshond,2589,15,15,15,15,-13.04671573638916,-10.814408302307129,-13.617740631103516,2.2323074340820312,-0.5710248947143555,2.8033323287963867
18,keeshond,2491,5,5,5,5,-15.202251434326172,-14.13085651397705,-12.930540084838867,1.071394920349121,2.2717113494873047,-1.2003164291381836
18,keeshond,3246,4,4,4,3,-12.359320640563965,-11.226411819458008,-11.648812294006348,1.132908821105957,0.7105083465576172,0.42240047454833984
18,keeshond,2329,8,8,8,8,-9.321101188659668,-7.994985580444336,-8.422900199890137,1.326115608215332,0.8982009887695312,0.4279146194458008
18,keeshond,76,11,11,11,11,-10.951194763183594,-9.517236709594727,-11.06783676147461,1.4339580535888672,-0.11664199829101562,1.5506000518798828
18,keeshond,3042,17,17,17,17,-9.502534866333008,-5.958157062530518,-9.026611328125,3.5443778038024902,0.4759235382080078,3.0684542655944824
18,keeshond,59,12,12,12,12,-11.808934211730957,-9.627126693725586,-11.889547348022461,2.181807518005371,-0.0806131362915039,2.262420654296875
18,keeshond,2708,3,3,14,3,-10.405252456665039,-8.438104629516602,-10.0892915725708,1.9671478271484375,0.3159608840942383,1.6511869430541992
18,keeshond,3027,4,4,4,4,-15.12828254699707,-13.88282585144043,-13.037479400634766,1.2454566955566406,2.0908031463623047,-0.8453464508056641
18,keeshond,3167,23,23,23,23,-10.43829345703125,-7.827419281005859,-11.668015480041504,2.6108741760253906,-1.229722023010254,3.8405961990356445
18,keeshond,3154,15,15,15,15,-14.39456558227539,-11.664678573608398,-15.576627731323242,2.729887008666992,-1.1820621490478516,3.9119491577148438
18,keeshond,2453,15,15,15,15,-17.771778106689453,-16.909975051879883,-18.212594985961914,0.8618030548095703,-0.44081687927246094,1.3026199340820312
18,keeshond,508,28,28,28,28,-21.887310028076172,-18.18433952331543,-22.041175842285156,3.702970504760742,-0.15386581420898438,3.8568363189697266
18,keeshond,1815,31,31,31,31,-15.156903266906738,-14.227636337280273,-15.14632511138916,0.9292669296264648,0.010578155517578125,0.9186887741088867
18,keeshond,181,34,34,34,34,-17.835941314697266,-17.761459350585938,-17.578163146972656,0.07448196411132812,0.2577781677246094,-0.18329620361328125
18,keeshond,2253,6,6,6,6,-12.717755317687988,-12.997579574584961,-11.683980941772461,-0.27982425689697266,1.0337743759155273,-1.3135986328125
18,keeshond,2775,20,20,20,20,-11.59002685546875,-8.867639541625977,-11.34664535522461,2.7223873138427734,0.24338150024414062,2.479005813598633
18,keeshond,2195,28,28,28,28,-18.067609786987305,-14.331869125366211,-18.217830657958984,3.7357406616210938,-0.1502208709716797,3.8859615325927734
18,keeshond,3003,21,21,21,21,-9.20559024810791,-8.258859634399414,-5.205277442932129,0.9467306137084961,4.000312805175781,-3.053582191467285
18,keeshond,2349,13,13,13,13,-12.261783599853516,-10.59377670288086,-10.558177947998047,1.6680068969726562,1.7036056518554688,-0.0355987548828125
18,keeshond,2744,3,3,3,3,-12.686737060546875,-10.014331817626953,-12.413498878479004,2.672405242919922,0.2732381820678711,2.399167060852051
18,keeshond,2414,8,8,8,8,-9.164841651916504,-8.701437950134277,-8.777496337890625,0.46340370178222656,0.3873453140258789,0.07605838775634766
18,keeshond,71,36,36,36,36,-13.287063598632812,-10.39664077758789,-10.705957412719727,2.890422821044922,2.581106185913086,0.30931663513183594
18,keeshond,2940,31,31,31,31,-14.322871208190918,-13.312207221984863,-14.44227409362793,1.0106639862060547,-0.11940288543701172,1.1300668716430664
18,keeshond,1032,35,35,35,35,-10.395679473876953,-8.65399169921875,-10.285625457763672,1.7416877746582031,0.11005401611328125,1.6316337585449219
18,keeshond,2112,10,10,10,10,-17.127931594848633,-16.75649642944336,-14.194570541381836,0.37143516540527344,2.933361053466797,-2.5619258880615234
18,keeshond,584,8,8,8,8,-12.091781616210938,-10.168214797973633,-11.344682693481445,1.9235668182373047,0.7470989227294922,1.1764678955078125
18,keeshond,2678,35,35,35,35,-23.034221649169922,-21.639020919799805,-23.226442337036133,1.3952007293701172,-0.19222068786621094,1.5874214172363281
18,keeshond,1382,36,36,36,36,-16.07422637939453,-13.358386993408203,-13.730030059814453,2.715839385986328,2.344196319580078,0.37164306640625
18,keeshond,673,1,1,1,1,-14.79345417022705,-13.39054012298584,-15.76681900024414,1.402914047241211,-0.9733648300170898,2.376278877258301
18,keeshond,3591,35,35,35,35,-13.67713737487793,-13.518657684326172,-14.12893295288086,0.1584796905517578,-0.4517955780029297,0.6102752685546875
18,keeshond,707,35,35,35,35,-10.808521270751953,-8.995430946350098,-11.504384994506836,1.8130903244018555,-0.6958637237548828,2.5089540481567383
18,keeshond,1252,35,35,35,35,-8.755258560180664,-7.888463973999023,-9.541690826416016,0.8667945861816406,-0.7864322662353516,1.6532268524169922
18,keeshond,1073,34,34,34,34,-8.171270370483398,-7.844895362854004,-8.022318840026855,0.32637500762939453,0.14895153045654297,0.17742347717285156
18,keeshond,582,11,11,11,11,-9.334229469299316,-7.358543395996094,-9.27791690826416,1.9756860733032227,0.05631256103515625,1.9193735122680664
18,keeshond,3036,4,4,4,4,-13.969510078430176,-12.931034088134766,-12.18351936340332,1.0384759902954102,1.7859907150268555,-0.7475147247314453
19,leonberger,3065,26,26,26,26,-18.193370819091797,-17.077320098876953,-16.784250259399414,1.1160507202148438,1.4091205596923828,-0.29306983947753906
19,leonberger,1412,31,31,31,31,-15.770650863647461,-14.898063659667969,-13.92607593536377,0.8725872039794922,1.8445749282836914,-0.9719877243041992
19,leonberger,753,30,30,30,30,-17.493118286132812,-16.343647003173828,-17.64374542236328,1.1494712829589844,-0.15062713623046875,1.3000984191894531
19,leonberger,3433,27,27,27,27,-11.075000762939453,-10.19476318359375,-8.71428108215332,0.8802375793457031,2.360719680786133,-1.4804821014404297
19,leonberger,2142,6,6,6,6,-19.966379165649414,-20.438623428344727,-19.872663497924805,-0.4722442626953125,0.09371566772460938,-0.5659599304199219
19,leonberger,600,1,1,1,1,-16.338939666748047,-13.708327293395996,-14.694188117980957,2.630612373352051,1.6447515487670898,0.9858608245849609
19,leonberger,836,1,1,1,1,-17.948015213012695,-15.902826309204102,-16.064558029174805,2.0451889038085938,1.8834571838378906,0.16173171997070312
19,leonberger,422,33,33,33,33,-13.033047676086426,-10.00823974609375,-11.49198055267334,3.024807929992676,1.541067123413086,1.4837408065795898
19,leonberger,3272,34,34,34,34,-9.234908103942871,-9.231281280517578,-8.881963729858398,0.0036268234252929688,0.35294437408447266,-0.3493175506591797
19,leonberger,233,32,32,32,32,-9.820219039916992,-8.851411819458008,-9.281591415405273,0.9688072204589844,0.5386276245117188,0.4301795959472656
19,leonberger,1700,3,3,3,3,-20.445981979370117,-18.151580810546875,-20.067529678344727,2.294401168823242,0.3784523010253906,1.9159488677978516
19,leonberger,56,32,32,32,32,-21.265487670898438,-20.96902847290039,-19.966983795166016,0.2964591979980469,1.2985038757324219,-1.002044677734375
19,leonberger,1945,24,24,24,24,-7.607304573059082,-7.054256439208984,-8.987515449523926,0.5530481338500977,-1.3802108764648438,1.9332590103149414
19,leonberger,709,22,22,22,22,-16.971111297607422,-17.35581398010254,-15.693668365478516,-0.3847026824951172,1.2774429321289062,-1.6621456146240234
19,leonberger,2313,1,1,1,1,-12.838301658630371,-10.930108070373535,-11.323537826538086,1.908193588256836,1.5147638320922852,0.3934297561645508
19,leonberger,743,33,33,33,33,-21.118255615234375,-18.42502212524414,-18.99256134033203,2.6932334899902344,2.1256942749023438,0.5675392150878906
19,leonberger,3079,1,1,1,1,-14.698461532592773,-12.110913276672363,-12.36618709564209,2.58754825592041,2.3322744369506836,0.25527381896972656
19,leonberger,1598,35,35,35,35,-16.195566177368164,-15.757793426513672,-16.890979766845703,0.4377727508544922,-0.6954135894775391,1.1331863403320312
19,leonberger,719,24,24,24,24,-7.992354393005371,-8.098474502563477,-8.22490119934082,-0.10612010955810547,-0.23254680633544922,0.12642669677734375
19,leonberger,2970,24,24,24,24,-9.184515953063965,-8.663583755493164,-10.101774215698242,0.5209321975708008,-0.9172582626342773,1.4381904602050781
19,leonberger,3253,22,22,22,22,-10.510126113891602,-9.782358169555664,-9.4262113571167,0.7277679443359375,1.0839147567749023,-0.35614681243896484
19,leonberger,3452,33,33,33,33,-19.065837860107422,-16.235782623291016,-17.161073684692383,2.8300552368164062,1.904764175415039,0.9252910614013672
19,leonberger,3585,31,31,31,31,-13.71399211883545,-13.437782287597656,-11.74749755859375,0.27620983123779297,1.9664945602416992,-1.6902847290039062
19,leonberger,1031,35,35,35,35,-16.791027069091797,-17.435928344726562,-16.902620315551758,-0.6449012756347656,-0.11159324645996094,-0.5333080291748047
19,leonberger,633,36,36,36,36,-17.26598358154297,-16.68152618408203,-19.575334548950195,0.5844573974609375,-2.3093509674072266,2.893808364868164
19,leonberger,1295,20,20,20,20,-9.195225715637207,-8.346855163574219,-9.88589096069336,0.8483705520629883,-0.6906652450561523,1.5390357971191406
19,leonberger,3478,24,24,24,24,-15.452314376831055,-15.244410514831543,-16.88787269592285,0.20790386199951172,-1.4355583190917969,1.6434621810913086
19,leonberger,406,24,24,24,24,-10.77658748626709,-10.92307186126709,-12.537425994873047,-0.146484375,-1.760838508605957,1.614354133605957
19,leonberger,3236,31,31,31,31,-11.618363380432129,-10.772886276245117,-9.637528419494629,0.8454771041870117,1.9808349609375,-1.1353578567504883
19,leonberger,2601,17,17,17,17,-19.079530715942383,-17.499961853027344,-18.868032455444336,1.579568862915039,0.21149826049804688,1.3680706024169922
19,leonberger,1758,21,21,21,21,-12.439310073852539,-10.851031303405762,-11.928560256958008,1.5882787704467773,0.5107498168945312,1.077528953552246
19,leonberger,816,7,7,7,7,-9.312810897827148,-9.044387817382812,-8.265901565551758,0.26842308044433594,1.0469093322753906,-0.7784862518310547
19,leonberger,192,33,33,33,33,-21.26519012451172,-18.68369483947754,-18.920289993286133,2.5814952850341797,2.344900131225586,0.23659515380859375
19,leonberger,3342,1,1,1,1,-18.787166595458984,-15.498414993286133,-16.490013122558594,3.2887516021728516,2.2971534729003906,0.9915981292724609
19,leonberger,2913,5,5,5,5,-15.214168548583984,-14.206733703613281,-15.013629913330078,1.0074348449707031,0.20053863525390625,0.8068962097167969
19,leonberger,1114,1,1,1,1,-17.941089630126953,-15.417068481445312,-15.300207138061523,2.5240211486816406,2.6408824920654297,-0.11686134338378906
19,leonberger,2757,6,6,6,6,-15.813876152038574,-14.848219871520996,-16.342193603515625,0.9656562805175781,-0.5283174514770508,1.493973731994629
19,leonberger,2624,14,14,14,14,-19.708614349365234,-17.65826416015625,-17.01527214050293,2.0503501892089844,2.6933422088623047,-0.6429920196533203
19,leonberger,3210,33,33,33,33,-17.615697860717773,-13.349847793579102,-14.765804290771484,4.265850067138672,2.849893569946289,1.4159564971923828
19,leonberger,782,24,24,24,24,-9.603031158447266,-7.647995948791504,-10.045345306396484,1.9550352096557617,-0.44231414794921875,2.3973493576049805
19,leonberger,2152,29,29,29,29,-15.01449966430664,-14.416906356811523,-14.4946870803833,0.5975933074951172,0.5198125839233398,0.07778072357177734
19,leonberger,742,22,22,22,22,-8.65897274017334,-7.686444282531738,-6.997669696807861,0.9725284576416016,1.6613030433654785,-0.688774585723877
19,leonberger,2658,16,16,16,16,-16.26638412475586,-15.659196853637695,-16.099340438842773,0.6071872711181641,0.16704368591308594,0.4401435852050781
19,leonberger,403,32,32,32,32,-12.428356170654297,-10.730144500732422,-10.377216339111328,1.698211669921875,2.0511398315429688,-0.35292816162109375
19,leonberger,2648,35,35,35,35,-4.527317047119141,-4.106359004974365,-4.919654846191406,0.4209580421447754,-0.3923377990722656,0.813295841217041
19,leonberger,2285,35,35,35,35,-7.1404619216918945,-6.9567036628723145,-7.113370895385742,0.18375825881958008,0.027091026306152344,0.15666723251342773
19,leonberger,3449,8,8,8,8,-18.307207107543945,-17.866270065307617,-17.382564544677734,0.4409370422363281,0.9246425628662109,-0.4837055206298828
19,leonberger,608,36,36,36,36,-14.364788055419922,-13.507637023925781,-14.800505638122559,0.8571510314941406,-0.4357175827026367,1.2928686141967773
19,leonberger,994,5,5,5,5,-13.8067626953125,-12.219470977783203,-13.107537269592285,1.5872917175292969,0.6992254257202148,0.888066291809082
19,leonberger,2631,23,23,18,23,-11.90139389038086,-11.474580764770508,-12.034077644348145,0.42681312561035156,-0.13268375396728516,0.5594968795776367
19,leonberger,392,5,5,5,5,-19.925067901611328,-19.329307556152344,-19.916522979736328,0.5957603454589844,0.008544921875,0.5872154235839844
19,leonberger,2820,11,11,11,11,-19.888668060302734,-18.007415771484375,-16.882156372070312,1.8812522888183594,3.006511688232422,-1.1252593994140625
19,leonberger,581,3,3,3,3,-8.04094409942627,-6.870425224304199,-8.472853660583496,1.1705188751220703,-0.43190956115722656,1.6024284362792969
19,leonberger,3034,13,13,13,13,-19.381576538085938,-17.984241485595703,-19.89098358154297,1.3973350524902344,-0.5094070434570312,1.9067420959472656
19,leonberger,72,13,13,13,13,-5.103353500366211,-2.0737698078155518,-5.198707103729248,3.029583692550659,-0.09535360336303711,3.1249372959136963
19,leonberger,346,13,13,13,13,-11.584501266479492,-10.041443824768066,-11.428040504455566,1.5430574417114258,0.15646076202392578,1.3865966796875
19,leonberger,3351,3,3,3,3,-9.62128734588623,-7.377117156982422,-8.426494598388672,2.2441701889038086,1.1947927474975586,1.04937744140625
19,leonberger,3372,3,3,3,3,-19.472415924072266,-17.47037696838379,-19.269969940185547,2.0020389556884766,0.20244598388671875,1.7995929718017578
19,leonberger,731,18,18,18,18,-9.431766510009766,-9.98583984375,-9.806127548217773,-0.5540733337402344,-0.3743610382080078,-0.17971229553222656
19,leonberger,780,36,36,36,36,-22.843734741210938,-22.958337783813477,-25.37743377685547,-0.11460304260253906,-2.5336990356445312,2.419095993041992
19,leonberger,851,35,35,35,35,-15.923566818237305,-16.577333450317383,-16.573638916015625,-0.6537666320800781,-0.6500720977783203,-0.0036945343017578125
19,leonberger,2165,2,2,2,2,-9.326114654541016,-7.7733154296875,-8.421699523925781,1.5527992248535156,0.9044151306152344,0.6483840942382812
19,leonberger,2435,36,36,36,36,-25.55673599243164,-25.269126892089844,-28.011444091796875,0.2876091003417969,-2.4547080993652344,2.7423171997070312
19,leonberger,1583,30,30,30,30,-16.548179626464844,-15.880216598510742,-17.76799201965332,0.6679630279541016,-1.2198123931884766,1.8877754211425781
20,maine_coon,3350,31,31,31,31,-17.100807189941406,-16.9404296875,-16.863252639770508,0.16037750244140625,0.23755455017089844,-0.07717704772949219
20,maine_coon,21,21,21,21,21,-6.920882701873779,-6.769220352172852,-7.167279243469238,0.15166234970092773,-0.24639654159545898,0.3980588912963867
20,maine_coon,1787,28,28,28,28,-15.556171417236328,-14.766910552978516,-15.293710708618164,0.7892608642578125,0.26246070861816406,0.5268001556396484
20,maine_coon,1771,14,14,14,14,-12.975550651550293,-13.026211738586426,-12.962526321411133,-0.05066108703613281,0.013024330139160156,-0.06368541717529297
20,maine_coon,3020,24,24,24,24,-9.188004493713379,-8.676591873168945,-8.979063987731934,0.5114126205444336,0.2089405059814453,0.3024721145629883
20,maine_coon,1001,24,24,24,24,-11.358695983886719,-10.964719772338867,-11.197277069091797,0.39397621154785156,0.16141891479492188,0.2325572967529297
20,maine_coon,1775,36,36,36,36,-14.705009460449219,-14.474931716918945,-14.797821998596191,0.23007774353027344,-0.09281253814697266,0.3228902816772461
20,maine_coon,934,34,34,34,34,-13.20919418334961,-12.931190490722656,-13.187250137329102,0.2780036926269531,0.021944046020507812,0.2560596466064453
20,maine_coon,1888,29,29,29,29,-21.151702880859375,-19.846561431884766,-20.6926326751709,1.3051414489746094,0.45907020568847656,0.8460712432861328
20,maine_coon,318,4,4,4,4,-14.924843788146973,-14.83116340637207,-14.605663299560547,0.09368038177490234,0.3191804885864258,-0.22550010681152344
20,maine_coon,3666,28,28,28,28,-14.818216323852539,-14.219707489013672,-14.485760688781738,0.5985088348388672,0.3324556350708008,0.2660531997680664
20,maine_coon,1745,35,35,35,35,-15.901885986328125,-15.238738059997559,-15.691177368164062,0.6631479263305664,0.2107086181640625,0.4524393081665039
20,maine_coon,2346,31,31,31,31,-15.191349983215332,-15.287555694580078,-15.10012435913086,-0.0962057113647461,0.09122562408447266,-0.18743133544921875
20,maine_coon,3307,25,25,25,25,-16.859451293945312,-16.446258544921875,-16.80290985107422,0.4131927490234375,0.05654144287109375,0.35665130615234375
20,maine_coon,1857,24,24,24,24,-16.843599319458008,-16.37108612060547,-16.588438034057617,0.47251319885253906,0.2551612854003906,0.21735191345214844
20,maine_coon,3094,19,19,19,19,-13.069173812866211,-13.036041259765625,-13.172615051269531,0.03313255310058594,-0.10344123840332031,0.13657379150390625
20,maine_coon,412,22,22,22,22,-18.27570152282715,-17.731243133544922,-17.973203659057617,0.5444583892822266,0.30249786376953125,0.2419605255126953
20,maine_coon,3078,35,35,35,35,-11.810887336730957,-11.111137390136719,-11.820457458496094,0.6997499465942383,-0.009570121765136719,0.709320068359375
20,maine_coon,1334,29,29,29,29,-18.51880645751953,-17.702272415161133,-18.239700317382812,0.8165340423583984,0.27910614013671875,0.5374279022216797
20,maine_coon,1222,7,7,7,7,-15.216545104980469,-14.831707000732422,-14.860958099365234,0.3848381042480469,0.3555870056152344,0.0292510986328125
20,maine_coon,3247,29,29,29,29,-10.625505447387695,-9.881916046142578,-10.265549659729004,0.7435894012451172,0.3599557876586914,0.3836336135864258
20,maine_coon,316,23,23,23,23,-11.253832817077637,-10.8023099899292,-11.233795166015625,0.4515228271484375,0.02003765106201172,0.4314851760864258
20,maine_coon,2045,19,19,19,19,-13.096990585327148,-12.588401794433594,-12.883588790893555,0.5085887908935547,0.21340179443359375,0.29518699645996094
20,maine_coon,2956,33,33,33,33,-11.45291519165039,-10.989622116088867,-11.498197555541992,0.46329307556152344,-0.04528236389160156,0.508575439453125
20,maine_coon,2411,14,14,14,14,-19.938236236572266,-19.98299217224121,-20.159149169921875,-0.04475593566894531,-0.22091293334960938,0.17615699768066406
20,maine_coon,2844,13,13,13,13,-11.396183013916016,-11.160116195678711,-11.66258430480957,0.2360668182373047,-0.2664012908935547,0.5024681091308594
20,maine_coon,1072,0,0,0,0,-16.804513931274414,-17.003122329711914,-16.69072914123535,-0.1986083984375,0.1137847900390625,-0.3123931884765625
20,maine_coon,2845,5,5,5,5,-12.04468059539795,-11.946910858154297,-12.168413162231445,0.09776973724365234,-0.1237325668334961,0.22150230407714844
20,maine_coon,3246,4,4,4,4,-8.957752227783203,-8.927979469299316,-8.953795433044434,0.02977275848388672,0.003956794738769531,0.025815963745117188
20,maine_coon,3050,8,8,8,8,-15.28075122833252,-14.994930267333984,-15.414956092834473,0.28582096099853516,-0.13420486450195312,0.4200258255004883
20,maine_coon,3168,24,24,24,24,-12.150623321533203,-11.669851303100586,-11.884445190429688,0.4807720184326172,0.2661781311035156,0.21459388732910156
20,maine_coon,2497,35,35,35,35,-14.675600051879883,-14.067476272583008,-14.757509231567383,0.608123779296875,-0.0819091796875,0.690032958984375
20,maine_coon,705,25,25,25,25,-14.371389389038086,-13.868168830871582,-14.277618408203125,0.5032205581665039,0.09377098083496094,0.40944957733154297
20,maine_coon,3052,31,31,31,31,-20.707984924316406,-20.528186798095703,-20.382505416870117,0.17979812622070312,0.32547950744628906,-0.14568138122558594
20,maine_coon,960,0,0,0,0,-16.021133422851562,-16.22442626953125,-15.969961166381836,-0.2032928466796875,0.05117225646972656,-0.25446510314941406
20,maine_coon,2280,21,21,21,21,-8.582113265991211,-8.508920669555664,-8.76996898651123,0.07319259643554688,-0.18785572052001953,0.2610483169555664
20,maine_coon,2172,17,17,17,17,-19.259727478027344,-18.732925415039062,-18.910160064697266,0.5268020629882812,0.3495674133300781,0.17723464965820312
20,maine_coon,292,16,16,16,16,-11.162714004516602,-10.738347053527832,-10.98051643371582,0.42436695098876953,0.18219757080078125,0.24216938018798828
20,maine_coon,503,8,8,8,8,-12.09061050415039,-12.037826538085938,-12.2222318649292,0.052783966064453125,-0.1316213607788086,0.18440532684326172
20,maine_coon,1645,30,30,30,30,-21.32271385192871,-20.768524169921875,-21.147478103637695,0.5541896820068359,0.17523574829101562,0.3789539337158203
20,maine_coon,3436,30,30,30,30,-13.868083000183105,-12.6411771774292,-13.656858444213867,1.2269058227539062,0.21122455596923828,1.015681266784668
20,maine_coon,1837,5,5,5,5,-14.000988006591797,-14.149581909179688,-14.218133926391602,-0.14859390258789062,-0.2171459197998047,0.06855201721191406
20,maine_coon,2133,35,35,35,35,-12.42879581451416,-11.890498161315918,-12.528656005859375,0.5382976531982422,-0.09986019134521484,0.638157844543457
20,maine_coon,966,0,0,0,0,-17.74334144592285,-18.01424217224121,-17.7642765045166,-0.2709007263183594,-0.02093505859375,-0.24996566772460938
20,maine_coon,3325,7,7,7,7,-19.096599578857422,-18.85123062133789,-18.99480438232422,0.24536895751953125,0.10179519653320312,0.14357376098632812
20,maine_coon,2863,15,15,15,15,-16.279834747314453,-15.865495681762695,-15.989925384521484,0.4143390655517578,0.28990936279296875,0.12442970275878906
20,maine_coon,1012,31,31,31,31,-23.220691680908203,-23.15778160095215,-22.923812866210938,0.06291007995605469,0.2968788146972656,-0.23396873474121094
20,maine_coon,1891,35,35,35,35,-18.534706115722656,-17.950485229492188,-18.626358032226562,0.5842208862304688,-0.09165191650390625,0.675872802734375
20,maine_coon,2627,23,23,23,23,-12.308268547058105,-11.35433578491211,-12.077454566955566,0.9539327621459961,0.23081398010253906,0.723118782043457
20,maine_coon,2049,26,26,26,26,-5.952949523925781,-5.3296709060668945,-5.725269317626953,0.6232786178588867,0.22768020629882812,0.3955984115600586
20,maine_coon,2183,8,8,8,8,-7.181056022644043,-6.9462738037109375,-7.5778961181640625,0.23478221893310547,-0.39684009552001953,0.631622314453125
20,maine_coon,68,34,34,34,34,-21.91181182861328,-21.96664047241211,-22.012920379638672,-0.054828643798828125,-0.10110855102539062,0.0462799072265625
20,maine_coon,2868,7,7,7,7,-16.442989349365234,-16.263042449951172,-16.256717681884766,0.1799468994140625,0.18627166748046875,-0.00632476806640625
20,maine_coon,3298,7,7,7,7,-24.060726165771484,-23.730676651000977,-23.803058624267578,0.3300495147705078,0.25766754150390625,0.07238197326660156
20,maine_coon,2650,14,14,14,14,-28.55066680908203,-28.636741638183594,-28.543190002441406,-0.0860748291015625,0.007476806640625,-0.0935516357421875
20,maine_coon,1561,0,0,0,0,-14.433326721191406,-14.794185638427734,-14.546010971069336,-0.3608589172363281,-0.11268424987792969,-0.24817466735839844
20,maine_coon,623,0,0,0,0,-14.406513214111328,-14.759170532226562,-14.507791519165039,-0.3526573181152344,-0.10127830505371094,-0.25137901306152344
20,maine_coon,3504,23,23,23,23,-14.403852462768555,-13.67636489868164,-14.123759269714355,0.7274875640869141,0.2800931930541992,0.44739437103271484
20,maine_coon,2821,29,29,29,29,-20.58961296081543,-19.50520896911621,-20.167255401611328,1.0844039916992188,0.42235755920410156,0.6620464324951172
20,maine_coon,3474,18,18,18,18,-14.115171432495117,-14.244519233703613,-14.393890380859375,-0.1293478012084961,-0.2787189483642578,0.14937114715576172
20,maine_coon,688,19,19,19,19,-12.498771667480469,-12.330812454223633,-12.4884033203125,0.16795921325683594,0.01036834716796875,0.1575908660888672
20,maine_coon,1919,12,12,12,12,-18.960716247558594,-18.923507690429688,-18.717979431152344,0.03720855712890625,0.24273681640625,-0.20552825927734375
20,maine_coon,120,30,30,30,30,-17.11419677734375,-16.522266387939453,-16.935283660888672,0.5919303894042969,0.17891311645507812,0.41301727294921875
20,maine_coon,3390,17,17,17,17,-16.536073684692383,-16.078706741333008,-16.294742584228516,0.457366943359375,0.2413311004638672,0.2160358428955078
22,newfoundland,357,29,29,29,29,-24.388858795166016,-22.89181137084961,-23.89827537536621,1.4970474243164062,0.4905834197998047,1.0064640045166016
22,newfoundland,2095,11,11,11,11,-15.065632820129395,-13.670997619628906,-16.041200637817383,1.3946352005004883,-0.9755678176879883,2.3702030181884766
22,newfoundland,538,35,35,35,35,-7.216160774230957,-3.5190064907073975,-6.946084022521973,3.6971542835235596,0.2700767517089844,3.427077531814575
22,newfoundland,2244,32,32,32,32,-17.04784393310547,-15.381792068481445,-16.919246673583984,1.6660518646240234,0.12859725952148438,1.537454605102539
22,newfoundland,1472,1,1,1,1,-21.814739227294922,-20.31138038635254,-23.224143981933594,1.5033588409423828,-1.4094047546386719,2.9127635955810547
22,newfoundland,2819,3,3,3,3,-15.207952499389648,-13.637292861938477,-13.352900505065918,1.5706596374511719,1.8550519943237305,-0.2843923568725586
22,newfoundland,515,30,30,30,30,-14.347991943359375,-10.579812049865723,-14.313965797424316,3.7681798934936523,0.034026145935058594,3.7341537475585938
22,newfoundland,1305,17,17,17,17,-12.948826789855957,-11.618438720703125,-12.865461349487305,1.330388069152832,0.08336544036865234,1.2470226287841797
22,newfoundland,461,6,6,6,6,-12.182210922241211,-11.32763671875,-13.180044174194336,0.8545742034912109,-0.997833251953125,1.852407455444336
22,newfoundland,2357,36,36,36,36,-13.15404987335205,-11.623641967773438,-13.205423355102539,1.5304079055786133,-0.05137348175048828,1.5817813873291016
22,newfoundland,2956,33,33,33,33,-14.072795867919922,-11.192773818969727,-14.452375411987305,2.8800220489501953,-0.3795795440673828,3.259601593017578
22,newfoundland,1837,5,5,5,5,-21.595592498779297,-20.694377899169922,-20.572702407836914,0.901214599609375,1.0228900909423828,-0.12167549133300781
22,newfoundland,1311,27,27,27,27,-15.841710090637207,-12.077018737792969,-15.829957962036133,3.7646913528442383,0.011752128601074219,3.752939224243164
22,newfoundland,2288,29,29,29,29,-15.86966323852539,-15.77430534362793,-15.847831726074219,0.09535789489746094,0.021831512451171875,0.07352638244628906
22,newfoundland,2343,1,1,1,1,-12.552652359008789,-11.234067916870117,-14.214089393615723,1.3185844421386719,-1.6614370346069336,2.9800214767456055
22,newfoundland,2478,33,33,33,33,-22.857179641723633,-20.825334548950195,-22.371549606323242,2.0318450927734375,0.4856300354003906,1.5462150573730469
22,newfoundland,1521,31,31,31,31,-17.439456939697266,-16.282276153564453,-17.409048080444336,1.1571807861328125,0.030408859252929688,1.1267719268798828
22,newfoundland,213,4,4,4,4,-17.038223266601562,-16.120601654052734,-17.484420776367188,0.9176216125488281,-0.446197509765625,1.3638191223144531
22,newfoundland,246,33,33,33,33,-15.791576385498047,-12.955690383911133,-16.127361297607422,2.835886001586914,-0.335784912109375,3.171670913696289
22,newfoundland,433,13,13,13,13,-12.386493682861328,-10.30600357055664,-11.897774696350098,2.0804901123046875,0.48871898651123047,1.591771125793457
22,newfoundland,247,35,35,35,35,-7.610304832458496,-7.010758399963379,-8.496086120605469,0.5995464324951172,-0.8857812881469727,1.4853277206420898
22,newfoundland,54,0,0,0,0,-25.534564971923828,-23.75017738342285,-25.149169921875,1.7843875885009766,0.3853950500488281,1.3989925384521484
22,newfoundland,735,23,23,23,23,-16.91054916381836,-16.276165008544922,-17.334632873535156,0.6343841552734375,-0.4240837097167969,1.0584678649902344
22,newfoundland,629,33,33,33,33,-15.591129302978516,-12.40099048614502,-16.039886474609375,3.190138816833496,-0.4487571716308594,3.6388959884643555
22,newfoundland,807,12,12,12,12,-19.154024124145508,-18.357492446899414,-18.902673721313477,0.7965316772460938,0.25135040283203125,0.5451812744140625
22,newfoundland,3637,4,4,4,4,-20.383888244628906,-18.958675384521484,-20.00006103515625,1.4252128601074219,0.38382720947265625,1.0413856506347656
22,newfoundland,572,26,26,26,26,-14.59780216217041,-9.830986022949219,-13.951831817626953,4.766816139221191,0.645970344543457,4.120845794677734
22,newfoundland,827,36,36,36,36,-16.83491325378418,-13.670193672180176,-15.602895736694336,3.164719581604004,1.2320175170898438,1.9327020645141602
22,newfoundland,3388,4,4,4,4,-19.887964248657227,-17.14545249938965,-21.010021209716797,2.742511749267578,-1.1220569610595703,3.8645687103271484
22,newfoundland,2531,18,18,18,18,-13.354045867919922,-12.379281997680664,-15.081384658813477,0.9747638702392578,-1.7273387908935547,2.7021026611328125
22,newfoundland,3578,10,10,10,10,-16.904342651367188,-14.666816711425781,-17.110187530517578,2.2375259399414062,-0.20584487915039062,2.443370819091797
22,newfoundland,2864,0,0,0,0,-19.542888641357422,-17.890403747558594,-18.54351806640625,1.6524848937988281,0.9993705749511719,0.6531143188476562
22,newfoundland,2112,10,10,10,10,-16.315223693847656,-13.498427391052246,-17.24686050415039,2.81679630279541,-0.9316368103027344,3.7484331130981445
22,newfoundland,69,32,32,32,32,-11.556047439575195,-7.3428544998168945,-11.21384048461914,4.213192939758301,0.3422069549560547,3.870985984802246
22,newfoundland,3385,28,28,28,28,-16.03380584716797,-16.369977951049805,-15.731361389160156,-0.33617210388183594,0.3024444580078125,-0.6386165618896484
22,newfoundland,3154,15,15,15,15,-17.10280418395996,-15.89961051940918,-17.83112335205078,1.2031936645507812,-0.7283191680908203,1.9315128326416016
22,newfoundland,1278,4,4,4,4,-10.736276626586914,-8.58877182006836,-11.023233413696289,2.1475048065185547,-0.286956787109375,2.4344615936279297
22,newfoundland,1337,35,35,35,35,-12.649776458740234,-10.633831024169922,-12.924888610839844,2.0159454345703125,-0.2751121520996094,2.291057586669922
22,newfoundland,2454,24,24,24,24,-14.635774612426758,-13.599137306213379,-13.564939498901367,1.036637306213379,1.0708351135253906,-0.03419780731201172
22,newfoundland,2722,15,15,15,15,-13.225887298583984,-11.378023147583008,-13.707107543945312,1.8478641510009766,-0.4812202453613281,2.3290843963623047
22,newfoundland,1854,32,32,32,32,-15.136658668518066,-11.864383697509766,-15.697386741638184,3.272274971008301,-0.5607280731201172,3.833003044128418
22,newfoundland,2844,13,13,13,13,-15.165897369384766,-9.929142951965332,-14.476469039916992,5.236754417419434,0.6894283294677734,4.54732608795166
22,newfoundland,358,7,7,7,7,-12.997491836547852,-8.582178115844727,-12.990987777709961,4.415313720703125,0.006504058837890625,4.408809661865234
22,newfoundland,3284,29,29,29,29,-18.823543548583984,-17.331626892089844,-18.52798843383789,1.4919166564941406,0.29555511474609375,1.1963615417480469
22,newfoundland,2048,12,12,12,12,-18.116971969604492,-17.409408569335938,-17.331073760986328,0.7075634002685547,0.7858982086181641,-0.07833480834960938
22,newfoundland,2600,27,27,27,27,-22.476299285888672,-21.003461837768555,-23.33126449584961,1.4728374481201172,-0.8549652099609375,2.3278026580810547
22,newfoundland,3401,24,24,24,24,-10.40521240234375,-7.329981803894043,-9.707226753234863,3.075230598449707,0.6979856491088867,2.3772449493408203
22,newfoundland,3634,35,35,35,35,-5.666694164276123,-4.727841854095459,-6.396790027618408,0.9388523101806641,-0.7300958633422852,1.6689481735229492
22,newfoundland,1556,34,34,34,34,-9.266347885131836,-6.198551654815674,-11.004920959472656,3.067796230316162,-1.7385730743408203,4.806369304656982
22,newfoundland,1155,23,23,23,23,-15.80872917175293,-14.712215423583984,-15.566020965576172,1.0965137481689453,0.2427082061767578,0.8538055419921875
22,newfoundland,2018,18,18,18,18,-18.20236587524414,-16.304546356201172,-19.885221481323242,1.8978195190429688,-1.6828556060791016,3.5806751251220703
22,newfoundland,857,21,21,21,21,-12.75762939453125,-10.143697738647461,-12.934940338134766,2.613931655883789,-0.17731094360351562,2.7912425994873047
22,newfoundland,2097,28,28,28,28,-13.119888305664062,-13.347148895263672,-12.944862365722656,-0.22726058959960938,0.17502593994140625,-0.4022865295410156
22,newfoundland,1004,36,36,36,36,-17.332534790039062,-14.38490104675293,-17.114423751831055,2.947633743286133,0.2181110382080078,2.729522705078125
22,newfoundland,851,35,35,35,35,-17.11021614074707,-16.354814529418945,-17.31603240966797,0.755401611328125,-0.20581626892089844,0.9612178802490234
22,newfoundland,49,6,6,6,6,-22.227920532226562,-21.426658630371094,-22.489748001098633,0.8012619018554688,-0.2618274688720703,1.063089370727539
22,newfoundland,3002,21,21,21,34,-5.669670104980469,-3.175806999206543,-5.956368446350098,2.493863105773926,-0.2866983413696289,2.7805614471435547
22,newfoundland,2690,20,20,20,20,-14.05107307434082,-12.430191993713379,-12.570775985717773,1.6208810806274414,1.4802970886230469,0.14058399200439453
22,newfoundland,3152,17,17,17,17,-16.550411224365234,-15.032252311706543,-16.205116271972656,1.5181589126586914,0.3452949523925781,1.1728639602661133
22,newfoundland,2462,18,18,18,18,-15.374980926513672,-14.265861511230469,-17.108755111694336,1.1091194152832031,-1.733774185180664,2.842893600463867
22,newfoundland,161,33,33,33,33,-20.654014587402344,-18.796566009521484,-20.877239227294922,1.8574485778808594,-0.22322463989257812,2.0806732177734375
22,newfoundland,1031,35,35,35,35,-16.590314865112305,-14.134819030761719,-16.18683624267578,2.455495834350586,0.40347862243652344,2.0520172119140625
22,newfoundland,1102,24,24,24,24,-16.290348052978516,-14.975017547607422,-15.03991413116455,1.3153305053710938,1.2504339218139648,0.0648965835571289
22,newfoundland,750,30,30,30,30,-15.224565505981445,-13.260086059570312,-15.055234909057617,1.9644794464111328,0.16933059692382812,1.7951488494873047
23,persian,1032,35,35,35,35,-9.742532730102539,-7.00979471206665,-9.875164031982422,2.7327380180358887,-0.1326313018798828,2.8653693199157715
23,persian,3175,4,4,4,4,-17.451005935668945,-13.972108840942383,-15.487853050231934,3.4788970947265625,1.9631528854370117,1.5157442092895508
23,persian,784,12,12,12,12,-16.54999542236328,-13.916180610656738,-14.827393531799316,2.633814811706543,1.7226018905639648,0.9112129211425781
23,persian,379,25,25,25,25,-15.506022453308105,-14.307638168334961,-15.539806365966797,1.1983842849731445,-0.033783912658691406,1.232168197631836
23,persian,3111,19,19,19,19,-10.748802185058594,-10.700660705566406,-10.736739158630371,0.0481414794921875,0.012063026428222656,0.036078453063964844
23,persian,2512,16,16,16,16,-15.15720272064209,-14.024538040161133,-15.304243087768555,1.132664680480957,-0.14704036712646484,1.2797050476074219
23,persian,2781,13,13,13,13,-14.634472846984863,-13.709997177124023,-15.357656478881836,0.9244756698608398,-0.7231836318969727,1.6476593017578125
23,persian,937,13,13,13,13,-13.402396202087402,-11.255671501159668,-13.749002456665039,2.1467247009277344,-0.3466062545776367,2.493330955505371
23,persian,743,33,33,33,33,-19.11224937438965,-14.83018970489502,-17.243087768554688,4.282059669494629,1.869161605834961,2.412898063659668
23,persian,1452,22,22,22,22,-15.213478088378906,-13.969135284423828,-13.978321075439453,1.2443428039550781,1.2351570129394531,0.009185791015625
23,persian,2599,18,18,18,18,-8.669069290161133,-5.91259241104126,-9.485904693603516,2.756476879119873,-0.8168354034423828,3.573312282562256
23,persian,206,4,4,4,4,-12.935489654541016,-11.158808708190918,-11.368972778320312,1.7766809463500977,1.5665168762207031,0.21016407012939453
23,persian,1461,16,16,16,16,-9.922144889831543,-7.75609827041626,-11.043519973754883,2.166046619415283,-1.1213750839233398,3.287421703338623
23,persian,524,5,5,5,5,-17.232851028442383,-15.583029747009277,-16.22952651977539,1.6498212814331055,1.0033245086669922,0.6464967727661133
23,persian,3032,2,2,2,2,-6.535853385925293,-1.9763469696044922,-4.964461803436279,4.559506416320801,1.5713915824890137,2.988114833831787
23,persian,1693,17,17,17,17,-17.060941696166992,-15.192300796508789,-16.122695922851562,1.8686408996582031,0.9382457733154297,0.9303951263427734
23,persian,2270,32,32,32,32,-18.93494987487793,-16.160799026489258,-16.894794464111328,2.774150848388672,2.0401554107666016,0.7339954376220703
23,persian,3294,32,32,32,32,-9.711074829101562,-5.700504302978516,-7.849611759185791,4.010570526123047,1.8614630699157715,2.1491074562072754
23,persian,2763,36,36,36,36,-15.131221771240234,-11.183971405029297,-14.98586654663086,3.9472503662109375,0.145355224609375,3.8018951416015625
23,persian,2762,14,14,14,14,-21.44076156616211,-19.695789337158203,-21.167482376098633,1.7449722290039062,0.27327919006347656,1.4716930389404297
23,persian,2915,36,36,36,36,-11.777533531188965,-8.092167854309082,-12.817899703979492,3.685365676879883,-1.0403661727905273,4.72573184967041
23,persian,3156,7,7,7,7,-16.221466064453125,-14.576385498046875,-15.334627151489258,1.64508056640625,0.8868389129638672,0.7582416534423828
23,persian,3460,8,8,8,8,-25.67479133605957,-24.37812042236328,-26.22657012939453,1.296670913696289,-0.5517787933349609,1.84844970703125
23,persian,1159,32,32,32,32,-13.460124969482422,-11.72571849822998,-11.466886520385742,1.7344064712524414,1.9932384490966797,-0.2588319778442383
23,persian,2935,16,16,16,16,-9.813789367675781,-8.163521766662598,-10.54666519165039,1.6502676010131836,-0.7328758239746094,2.383143424987793
23,persian,2343,1,1,1,1,-11.363956451416016,-8.383026123046875,-10.479798316955566,2.9809303283691406,0.8841581344604492,2.0967721939086914
23,persian,3461,16,16,16,16,-16.807933807373047,-15.63992977142334,-16.975807189941406,1.168004035949707,-0.16787338256835938,1.3358774185180664
23,persian,1249,21,21,21,21,-18.075763702392578,-15.931591033935547,-17.323314666748047,2.1441726684570312,0.7524490356445312,1.3917236328125
23,persian,2281,34,34,34,34,-15.425529479980469,-13.5751371383667,-16.76629638671875,1.8503923416137695,-1.3407669067382812,3.191159248352051
23,persian,1825,36,36,36,36,-11.0924072265625,-7.894075870513916,-11.426534652709961,3.198331356048584,-0.33412742614746094,3.532458782196045
23,persian,2322,7,7,7,7,-19.642818450927734,-17.756498336791992,-18.952369689941406,1.8863201141357422,0.6904487609863281,1.195871353149414
23,persian,2810,30,30,30,30,-11.67501449584961,-8.057451248168945,-12.11817741394043,3.617563247680664,-0.4431629180908203,4.060726165771484
23,persian,896,14,14,14,14,-12.096573829650879,-10.151573181152344,-12.182323455810547,1.9450006484985352,-0.08574962615966797,2.030750274658203
23,persian,1848,33,33,33,33,-19.337772369384766,-15.649868965148926,-17.739259719848633,3.68790340423584,1.5985126495361328,2.089390754699707
23,persian,2642,0,0,20,11,-14.352011680603027,-12.241388320922852,-14.374510765075684,2.110623359680176,-0.02249908447265625,2.133122444152832
23,persian,3563,16,16,16,16,-8.99376106262207,-7.962493896484375,-9.627389907836914,1.0312671661376953,-0.6336288452148438,1.664896011352539
23,persian,3206,33,33,33,33,-19.289731979370117,-16.1142578125,-17.396408081054688,3.175474166870117,1.8933238983154297,1.2821502685546875
23,persian,3521,17,17,17,17,-15.342361450195312,-12.989375114440918,-14.2857084274292,2.3529863357543945,1.0566530227661133,1.2963333129882812
23,persian,768,1,1,1,1,-11.298843383789062,-9.168628692626953,-10.963878631591797,2.1302146911621094,0.3349647521972656,1.7952499389648438
23,persian,1576,33,33,33,33,-15.08658218383789,-11.350187301635742,-13.80673599243164,3.7363948822021484,1.27984619140625,2.4565486907958984
23,persian,894,0,0,0,0,-14.793322563171387,-12.968976974487305,-13.054145812988281,1.824345588684082,1.7391767501831055,0.08516883850097656
23,persian,244,30,30,30,30,-19.890743255615234,-17.2103271484375,-19.54194450378418,2.6804161071777344,0.3487987518310547,2.3316173553466797
23,persian,2236,34,34,8,34,-14.756917953491211,-11.88904094696045,-15.764842987060547,2.8678770065307617,-1.007925033569336,3.8758020401000977
23,persian,2094,25,25,25,25,-14.817218780517578,-13.216409683227539,-14.477109909057617,1.600809097290039,0.34010887145996094,1.2607002258300781
23,persian,1149,30,30,30,30,-25.64675521850586,-20.446269989013672,-24.685026168823242,5.2004852294921875,0.9617290496826172,4.23875617980957
23,persian,219,12,12,12,12,-23.989463806152344,-19.66294288635254,-22.15057373046875,4.326520919799805,1.8388900756835938,2.487630844116211
23,persian,2949,22,22,22,22,-17.024574279785156,-15.096109390258789,-15.255247116088867,1.9284648895263672,1.769327163696289,0.15913772583007812
23,persian,111,11,11,11,11,-23.742815017700195,-21.06918716430664,-24.93091583251953,2.6736278533935547,-1.188100814819336,3.8617286682128906
23,persian,1743,22,22,22,22,-14.13149356842041,-12.75605583190918,-13.504755973815918,1.3754377365112305,0.6267375946044922,0.7487001419067383
23,persian,898,34,34,34,34,-16.0214786529541,-14.758509635925293,-16.47617530822754,1.2629690170288086,-0.4546966552734375,1.717665672302246
23,persian,1745,35,35,35,35,-16.93688201904297,-15.127127647399902,-17.418010711669922,1.8097543716430664,-0.4811286926269531,2.2908830642700195
23,persian,2089,4,4,4,4,-17.07123565673828,-14.577237129211426,-14.975455284118652,2.4939985275268555,2.095780372619629,0.39821815490722656
23,persian,1969,14,14,14,14,-19.078784942626953,-18.047977447509766,-18.837892532348633,1.0308074951171875,0.2408924102783203,0.7899150848388672
23,persian,4,16,16,16,16,-16.63136100769043,-14.644477844238281,-16.712648391723633,1.9868831634521484,-0.08128738403320312,2.0681705474853516
23,persian,2102,13,13,13,13,-15.130260467529297,-13.628116607666016,-15.894834518432617,1.5021438598632812,-0.7645740509033203,2.2667179107666016
23,persian,3520,35,35,35,35,-14.878597259521484,-13.071090698242188,-14.884712219238281,1.8075065612792969,-0.006114959716796875,1.8136215209960938
23,persian,2644,12,12,12,12,-23.915285110473633,-19.893749237060547,-21.663818359375,4.021535873413086,2.251466751098633,1.7700691223144531
23,persian,734,35,35,35,35,-11.811603546142578,-9.27857780456543,-12.725624084472656,2.5330257415771484,-0.9140205383300781,3.4470462799072266
23,persian,2437,17,17,17,17,-16.591562271118164,-14.63257884979248,-15.088990211486816,1.9589834213256836,1.5025720596313477,0.45641136169433594
23,persian,76,11,11,11,11,-12.972002983093262,-12.32571792602539,-14.140936851501465,0.6462850570678711,-1.1689338684082031,1.8152189254760742
23,persian,1513,18,18,18,18,-11.865520477294922,-9.735902786254883,-11.78801441192627,2.129617691040039,0.07750606536865234,2.0521116256713867
23,persian,2721,1,1,1,1,-18.520103454589844,-17.490074157714844,-17.68445587158203,1.030029296875,0.8356475830078125,0.1943817138671875
23,persian,3315,16,16,16,16,-17.81325912475586,-16.263362884521484,-17.680862426757812,1.549896240234375,0.13239669799804688,1.4174995422363281
23,persian,3471,28,28,28,28,-17.80725860595703,-15.816356658935547,-16.5891056060791,1.9909019470214844,1.2181529998779297,0.7727489471435547
24,pomeranian,939,5,5,5,5,-10.844940185546875,-9.20327091217041,-10.711159706115723,1.6416692733764648,0.13378047943115234,1.5078887939453125
24,pomeranian,530,36,36,36,36,-21.585296630859375,-18.746952056884766,-22.182241439819336,2.8383445739746094,-0.5969448089599609,3.4352893829345703
24,pomeranian,3403,4,4,4,4,-10.414079666137695,-9.157991409301758,-10.880280494689941,1.2560882568359375,-0.4662008285522461,1.7222890853881836
24,pomeranian,2972,12,12,12,12,-23.9089412689209,-23.395410537719727,-24.513446807861328,0.5135307312011719,-0.6045055389404297,1.1180362701416016
24,pomeranian,524,5,5,5,5,-15.780479431152344,-13.668523788452148,-16.257217407226562,2.1119556427001953,-0.47673797607421875,2.588693618774414
24,pomeranian,3252,19,19,19,19,-12.577518463134766,-12.294342041015625,-14.417457580566406,0.2831764221191406,-1.8399391174316406,2.1231155395507812
24,pomeranian,1802,18,18,18,18,-7.968003273010254,-8.34786319732666,-9.229031562805176,-0.37985992431640625,-1.2610282897949219,0.8811683654785156
24,pomeranian,1055,21,21,21,21,-9.886896133422852,-7.718702793121338,-12.10904312133789,2.1681933403015137,-2.222146987915039,4.390340328216553
24,pomeranian,1505,10,10,10,10,-15.092630386352539,-13.429118156433105,-15.653181076049805,1.6635122299194336,-0.5605506896972656,2.224062919616699
24,pomeranian,1983,4,4,4,4,-15.444618225097656,-12.438956260681152,-15.681907653808594,3.005661964416504,-0.2372894287109375,3.2429513931274414
24,pomeranian,2271,30,30,30,30,-13.820863723754883,-13.192928314208984,-14.216714859008789,0.6279354095458984,-0.39585113525390625,1.0237865447998047
24,pomeranian,1766,31,31,31,31,-6.785250663757324,-5.563337326049805,-7.446619510650635,1.2219133377075195,-0.6613688468933105,1.88328218460083
24,pomeranian,3417,2,2,2,2,-8.68782901763916,-7.7949371337890625,-8.705514907836914,0.8928918838500977,-0.017685890197753906,0.9105777740478516
24,pomeranian,346,13,13,13,13,-14.639058113098145,-13.992130279541016,-14.343415260314941,0.6469278335571289,0.2956428527832031,0.3512849807739258
24,pomeranian,2576,11,11,11,11,-13.956780433654785,-13.367901802062988,-14.364583969116211,0.5888786315917969,-0.4078035354614258,0.9966821670532227
24,pomeranian,1255,25,25,25,25,-17.92133903503418,-16.53746795654297,-18.9625186920166,1.383871078491211,-1.0411796569824219,2.425050735473633
24,pomeranian,2650,14,14,14,14,-21.05162239074707,-18.015504837036133,-20.469989776611328,3.0361175537109375,0.5816326141357422,2.4544849395751953
24,pomeranian,1302,31,31,31,31,-12.291393280029297,-11.820684432983398,-12.757883071899414,0.47070884704589844,-0.4664897918701172,0.9371986389160156
24,pomeranian,2450,33,33,33,33,-22.948213577270508,-19.891986846923828,-22.986854553222656,3.0562267303466797,-0.03864097595214844,3.094867706298828
24,pomeranian,2292,21,21,21,21,-13.102692604064941,-10.7087984085083,-16.149906158447266,2.3938941955566406,-3.047213554382324,5.441107749938965
24,pomeranian,1064,8,8,8,8,-9.957711219787598,-9.208939552307129,-10.841673851013184,0.7487716674804688,-0.8839626312255859,1.6327342987060547
24,pomeranian,2599,18,18,18,18,-2.597754955291748,-2.568998098373413,-3.9551308155059814,0.02875685691833496,-1.3573758602142334,1.3861327171325684
24,pomeranian,1968,13,13,17,17,-12.398801803588867,-12.685531616210938,-13.216720581054688,-0.2867298126220703,-0.8179187774658203,0.53118896484375
24,pomeranian,2779,33,33,33,33,-9.854265213012695,-8.261670112609863,-10.286906242370605,1.592595100402832,-0.43264102935791016,2.025236129760742
24,pomeranian,2284,28,28,28,28,-13.323113441467285,-13.095460891723633,-14.077433586120605,0.22765254974365234,-0.7543201446533203,0.9819726943969727
24,pomeranian,580,13,13,13,13,-16.979398727416992,-16.848215103149414,-17.92858123779297,0.13118362426757812,-0.9491825103759766,1.0803661346435547
24,pomeranian,1833,7,7,7,7,-18.595680236816406,-16.902236938476562,-19.274551391601562,1.6934432983398438,-0.6788711547851562,2.372314453125
24,pomeranian,2573,5,5,5,5,-14.386446952819824,-12.630660057067871,-14.2938232421875,1.7557868957519531,0.09262371063232422,1.663163185119629
24,pomeranian,2756,19,19,19,19,-10.891616821289062,-9.512282371520996,-12.679824829101562,1.3793344497680664,-1.7882080078125,3.1675424575805664
24,pomeranian,3257,27,27,27,27,-15.599777221679688,-14.73099136352539,-16.334320068359375,0.8687858581542969,-0.7345428466796875,1.6033287048339844
24,pomeranian,3140,14,14,14,14,-9.00174331665039,-7.7457356452941895,-9.305816650390625,1.2560076713562012,-0.3040733337402344,1.5600810050964355
24,pomeranian,2907,25,25,25,25,-14.442045211791992,-13.518705368041992,-14.729249954223633,0.92333984375,-0.2872047424316406,1.2105445861816406
24,pomeranian,1690,25,25,25,25,-15.576663970947266,-14.762621879577637,-16.385272979736328,0.8140420913696289,-0.8086090087890625,1.6226511001586914
24,pomeranian,70,3,3,3,3,-12.53785514831543,-11.494683265686035,-12.498942375183105,1.0431718826293945,0.03891277313232422,1.0042591094970703
24,pomeranian,2069,23,23,23,23,-15.459259033203125,-14.641630172729492,-15.680238723754883,0.8176288604736328,-0.2209796905517578,1.0386085510253906
24,pomeranian,3512,15,15,15,15,-15.657931327819824,-16.082887649536133,-15.976062774658203,-0.4249563217163086,-0.3181314468383789,-0.10682487487792969
24,pomeranian,3097,31,31,31,31,-13.952783584594727,-13.12769889831543,-14.869402885437012,0.8250846862792969,-0.9166193008422852,1.741703987121582
24,pomeranian,1251,23,23,23,23,-9.192117691040039,-8.847270965576172,-8.750778198242188,0.3448467254638672,0.44133949279785156,-0.09649276733398438
24,pomeranian,2453,15,15,15,15,-15.608562469482422,-16.524368286132812,-16.493074417114258,-0.9158058166503906,-0.8845119476318359,-0.03129386901855469
24,pomeranian,251,35,35,35,35,-15.603321075439453,-16.155658721923828,-16.757156372070312,-0.552337646484375,-1.1538352966308594,0.6014976501464844
24,pomeranian,3188,15,15,15,15,-20.2130126953125,-22.13469696044922,-20.41903305053711,-1.9216842651367188,-0.20602035522460938,-1.7156639099121094
24,pomeranian,3564,14,14,14,14,-16.7669677734375,-13.433801651000977,-17.556316375732422,3.3331661224365234,-0.7893486022949219,4.122514724731445
24,pomeranian,2926,21,21,21,21,-14.350037574768066,-12.553642272949219,-16.338485717773438,1.7963953018188477,-1.988448143005371,3.7848434448242188
24,pomeranian,3182,22,22,22,22,-16.96893310546875,-16.28040885925293,-18.5203857421875,0.6885242462158203,-1.55145263671875,2.2399768829345703
24,pomeranian,1035,8,8,1,8,-11.978119850158691,-12.214426040649414,-12.959924697875977,-0.23630619049072266,-0.9818048477172852,0.7454986572265625
24,pomeranian,2914,16,16,16,16,-20.644481658935547,-20.258480072021484,-21.1180477142334,0.3860015869140625,-0.47356605529785156,0.8595676422119141
24,pomeranian,2899,9,9,9,9,-23.691226959228516,-22.389780044555664,-23.913591384887695,1.3014469146728516,-0.2223644256591797,1.5238113403320312
24,pomeranian,2693,12,12,12,12,-20.221904754638672,-17.77902603149414,-20.185977935791016,2.4428787231445312,0.03592681884765625,2.406951904296875
24,pomeranian,798,9,9,9,9,-21.500051498413086,-20.05324935913086,-21.70487403869629,1.4468021392822266,-0.20482254028320312,1.6516246795654297
24,pomeranian,2214,16,16,16,16,-11.06003189086914,-10.094594955444336,-10.520115852355957,0.9654369354248047,0.5399160385131836,0.4255208969116211
24,pomeranian,730,1,1,1,1,-20.543302536010742,-20.79985809326172,-19.500398635864258,-0.25655555725097656,1.0429039001464844,-1.299459457397461
24,pomeranian,57,17,17,17,17,-3.1524598598480225,-2.556000232696533,-3.46756911277771,0.5964596271514893,-0.3151092529296875,0.9115688800811768
24,pomeranian,3138,30,30,30,30,-15.822830200195312,-15.271509170532227,-16.50262451171875,0.5513210296630859,-0.6797943115234375,1.2311153411865234
24,pomeranian,368,1,1,1,1,-19.71453857421875,-20.608835220336914,-19.005821228027344,-0.8942966461181641,0.7087173461914062,-1.6030139923095703
24,pomeranian,3013,25,25,25,25,-14.283016204833984,-12.988014221191406,-15.211133003234863,1.2950019836425781,-0.9281167984008789,2.223118782043457
24,pomeranian,1859,5,5,5,5,-15.168272018432617,-12.279215812683105,-15.346052169799805,2.8890562057495117,-0.1777801513671875,3.066836357116699
24,pomeranian,745,3,3,3,3,-9.773943901062012,-8.288352012634277,-9.850770950317383,1.4855918884277344,-0.0768270492553711,1.5624189376831055
24,pomeranian,1740,29,29,29,29,-17.128765106201172,-17.95711326599121,-18.082969665527344,-0.8283481597900391,-0.9542045593261719,0.1258563995361328
24,pomeranian,1277,19,19,19,19,-13.646406173706055,-11.262385368347168,-15.214983940124512,2.3840208053588867,-1.568577766418457,3.9525985717773438
24,pomeranian,424,11,11,11,11,-27.47699546813965,-27.25448989868164,-28.207731246948242,0.2225055694580078,-0.7307357788085938,0.9532413482666016
24,pomeranian,1579,3,3,3,3,-7.506983757019043,-7.700847625732422,-7.627789497375488,-0.1938638687133789,-0.12080574035644531,-0.0730581283569336
24,pomeranian,1646,0,0,0,0,-12.10850715637207,-9.42938232421875,-12.156517028808594,2.6791248321533203,-0.04800987243652344,2.7271347045898438
24,pomeranian,1160,21,21,21,21,-13.325693130493164,-11.657508850097656,-15.098817825317383,1.6681842803955078,-1.7731246948242188,3.4413089752197266
24,pomeranian,791,21,21,21,21,-10.543764114379883,-8.830841064453125,-12.87274169921875,1.7129230499267578,-2.328977584838867,4.041900634765625
25,pug,2563,29,29,29,29,-16.750362396240234,-15.566131591796875,-17.432466506958008,1.1842308044433594,-0.6821041107177734,1.8663349151611328
25,pug,2621,10,10,10,10,-12.434722900390625,-11.43155288696289,-11.38621711730957,1.0031700134277344,1.0485057830810547,-0.04533576965332031
25,pug,1950,36,36,36,36,-19.326953887939453,-17.807035446166992,-18.833789825439453,1.519918441772461,0.4931640625,1.026754379272461
25,pug,1894,13,13,13,13,-12.18504524230957,-11.990798950195312,-12.288873672485352,0.1942462921142578,-0.10382843017578125,0.29807472229003906
25,pug,3453,11,11,11,11,-8.892169952392578,-8.816197395324707,-8.355937004089355,0.0759725570678711,0.5362329483032227,-0.46026039123535156
25,pug,1956,36,36,36,36,-15.79471206665039,-13.229475021362305,-15.183830261230469,2.565237045288086,0.6108818054199219,1.954355239868164
25,pug,948,14,14,14,14,-16.100065231323242,-15.09874439239502,-16.097238540649414,1.0013208389282227,0.002826690673828125,0.9984941482543945
25,pug,1597,34,34,34,34,-12.047513961791992,-10.364222526550293,-11.42599105834961,1.6832914352416992,0.6215229034423828,1.0617685317993164
25,pug,390,23,23,23,23,-17.03216552734375,-16.4654483795166,-17.15224266052246,0.5667171478271484,-0.12007713317871094,0.6867942810058594
25,pug,1831,17,17,17,17,-12.126638412475586,-11.179519653320312,-12.06724739074707,0.9471187591552734,0.059391021728515625,0.8877277374267578
25,pug,2634,34,34,34,34,-13.447675704956055,-13.494884490966797,-13.718066215515137,-0.04720878601074219,-0.27039051055908203,0.22318172454833984
25,pug,2928,5,5,5,5,-18.23816680908203,-17.966636657714844,-17.94613265991211,0.2715301513671875,0.2920341491699219,-0.020503997802734375
25,pug,2335,28,28,28,28,-17.523624420166016,-18.22960662841797,-18.5629940032959,-0.7059822082519531,-1.0393695831298828,0.3333873748779297
25,pug,267,14,14,14,14,-18.099632263183594,-16.118621826171875,-17.878494262695312,1.9810104370117188,0.22113800048828125,1.7598724365234375
25,pug,1230,10,10,10,10,-13.452354431152344,-13.08401870727539,-13.390087127685547,0.3683357238769531,0.062267303466796875,0.30606842041015625
25,pug,3224,12,12,12,12,-11.22015380859375,-10.419971466064453,-10.898112297058105,0.8001823425292969,0.32204151153564453,0.47814083099365234
25,pug,2875,15,15,15,15,-8.976224899291992,-9.61065673828125,-8.726972579956055,-0.6344318389892578,0.2492523193359375,-0.8836841583251953
25,pug,2561,11,11,11,11,-9.679985046386719,-9.513938903808594,-9.120874404907227,0.166046142578125,0.5591106414794922,-0.3930644989013672
25,pug,3636,30,30,30,30,-20.923412322998047,-17.343963623046875,-20.786577224731445,3.579448699951172,0.13683509826660156,3.4426136016845703
25,pug,487,13,13,13,13,-22.190902709960938,-21.004648208618164,-22.348438262939453,1.1862545013427734,-0.15753555297851562,1.343790054321289
25,pug,166,32,32,32,32,-8.692007064819336,-7.127742767333984,-8.662117004394531,1.5642642974853516,0.029890060424804688,1.5343742370605469
25,pug,515,30,30,30,30,-19.10309600830078,-16.608135223388672,-18.893245697021484,2.4949607849121094,0.20985031127929688,2.2851104736328125
25,pug,602,26,26,26,26,-19.703521728515625,-19.073455810546875,-19.75623321533203,0.63006591796875,-0.05271148681640625,0.6827774047851562
25,pug,344,36,36,36,36,-20.32874298095703,-17.96832275390625,-19.664371490478516,2.3604202270507812,0.6643714904785156,1.6960487365722656
25,pug,897,19,19,19,19,-11.050299644470215,-10.564621925354004,-11.530717849731445,0.48567771911621094,-0.48041820526123047,0.9660959243774414
25,pug,2005,6,6,6,6,-17.638534545898438,-16.882774353027344,-17.786972045898438,0.7557601928710938,-0.1484375,0.9041976928710938
25,pug,3366,31,31,31,31,-21.231168746948242,-21.82296371459961,-21.864524841308594,-0.5917949676513672,-0.6333560943603516,0.041561126708984375
25,pug,1948,23,23,23,23,-9.632614135742188,-8.503637313842773,-9.604438781738281,1.128976821899414,0.02817535400390625,1.1008014678955078
25,pug,542,36,36,36,36,-11.775452613830566,-9.007820129394531,-10.907125473022461,2.767632484436035,0.8683271408081055,1.8993053436279297
25,pug,1329,4,4,4,4,-18.195777893066406,-17.948951721191406,-18.11199951171875,0.246826171875,0.08377838134765625,0.16304779052734375
25,pug,2916,8,8,8,8,-13.248851776123047,-13.385988235473633,-13.761163711547852,-0.13713645935058594,-0.5123119354248047,0.37517547607421875
25,pug,2558,21,21,21,21,-13.503929138183594,-11.788919448852539,-13.661026000976562,1.7150096893310547,-0.15709686279296875,1.8721065521240234
25,pug,1398,4,4,4,4,-18.23794937133789,-17.46146011352539,-18.041385650634766,0.7764892578125,0.196563720703125,0.579925537109375
25,pug,2342,29,29,29,29,-19.889144897460938,-19.13041877746582,-20.892925262451172,0.7587261199951172,-1.0037803649902344,1.7625064849853516
25,pug,802,7,7,7,7,-9.31814193725586,-7.332249164581299,-8.880826950073242,1.9858927726745605,0.4373149871826172,1.5485777854919434
25,pug,890,3,3,3,3,-12.864309310913086,-12.264915466308594,-14.194917678833008,0.5993938446044922,-1.3306083679199219,1.930002212524414
25,pug,1096,1,1,1,1,-12.13747787475586,-12.869110107421875,-12.570062637329102,-0.7316322326660156,-0.4325847625732422,-0.29904747009277344
25,pug,424,11,11,11,11,-23.042800903320312,-22.724655151367188,-22.35544204711914,0.318145751953125,0.6873588562011719,-0.3692131042480469
25,pug,1665,14,14,14,14,-16.109294891357422,-15.851369857788086,-16.08068084716797,0.25792503356933594,0.028614044189453125,0.2293109893798828
25,pug,1701,8,8,8,8,-12.302059173583984,-11.205572128295898,-13.153800010681152,1.096487045288086,-0.851740837097168,1.948227882385254
25,pug,3284,29,29,29,29,-20.729541778564453,-18.974382400512695,-21.343589782714844,1.7551593780517578,-0.6140480041503906,2.3692073822021484
25,pug,273,31,31,31,31,-16.19228172302246,-15.821622848510742,-16.356435775756836,0.37065887451171875,-0.164154052734375,0.5348129272460938
25,pug,290,10,10,10,10,-11.043529510498047,-11.186813354492188,-10.69942569732666,-0.14328384399414062,0.3441038131713867,-0.48738765716552734
25,pug,1078,14,14,14,14,-18.120708465576172,-16.13460922241211,-17.96969223022461,1.9860992431640625,0.1510162353515625,1.8350830078125
25,pug,1946,4,4,4,4,-13.412769317626953,-12.054571151733398,-12.803034782409668,1.3581981658935547,0.6097345352172852,0.7484636306762695
25,pug,2559,4,4,4,4,-15.627216339111328,-15.496136665344238,-15.553668975830078,0.13107967376708984,0.07354736328125,0.057532310485839844
25,pug,3478,24,24,24,24,-14.598814010620117,-13.311822891235352,-14.151493072509766,1.2869911193847656,0.44732093811035156,0.8396701812744141
25,pug,452,36,36,36,36,-15.212545394897461,-12.029772758483887,-14.402660369873047,3.182772636413574,0.8098850250244141,2.37288761138916
25,pug,2366,19,19,19,19,-17.761734008789062,-16.58340835571289,-18.008464813232422,1.1783256530761719,-0.24673080444335938,1.4250564575195312
25,pug,76,11,11,11,11,-11.694906234741211,-11.944234848022461,-11.31001091003418,-0.24932861328125,0.38489532470703125,-0.6342239379882812
25,pug,1757,32,32,32,32,-16.352069854736328,-15.177169799804688,-16.216800689697266,1.1749000549316406,0.1352691650390625,1.0396308898925781
25,pug,1981,2,2,2,2,-8.461694717407227,-8.821632385253906,-8.146350860595703,-0.3599376678466797,0.31534385681152344,-0.6752815246582031
25,pug,1663,2,2,2,2,-9.843050956726074,-9.55880355834961,-9.394925117492676,0.28424739837646484,0.44812583923339844,-0.1638784408569336
25,pug,1980,5,5,5,5,-12.406145095825195,-11.682048797607422,-12.1282958984375,0.7240962982177734,0.2778491973876953,0.4462471008300781
25,pug,3178,5,5,5,5,-13.297321319580078,-11.980256080627441,-13.52744197845459,1.3170652389526367,-0.23012065887451172,1.5471858978271484
25,pug,2682,13,13,13,13,-20.49456787109375,-18.91839027404785,-20.333560943603516,1.5761775970458984,0.16100692749023438,1.415170669555664
25,pug,1299,9,9,9,9,-6.151997089385986,-5.728331565856934,-6.558104991912842,0.42366552352905273,-0.40610790252685547,0.8297734260559082
25,pug,737,19,19,19,19,-10.595115661621094,-10.088434219360352,-10.789018630981445,0.5066814422607422,-0.19390296936035156,0.7005844116210938
25,pug,2460,31,31,31,31,-16.546188354492188,-17.188106536865234,-17.120311737060547,-0.6419181823730469,-0.5741233825683594,-0.0677947998046875
25,pug,104,17,17,17,17,-14.42013168334961,-13.554571151733398,-14.03965950012207,0.8655605316162109,0.38047218322753906,0.4850883483886719
25,pug,683,31,31,31,31,-17.106788635253906,-17.017467498779297,-17.616344451904297,0.08932113647460938,-0.5095558166503906,0.598876953125
25,pug,294,9,9,9,9,-11.583541870117188,-12.03451156616211,-12.197809219360352,-0.4509696960449219,-0.6142673492431641,0.1632976531982422
25,pug,1012,31,31,31,31,-19.128252029418945,-18.169837951660156,-19.494892120361328,0.9584140777587891,-0.3666400909423828,1.3250541687011719
25,pug,3496,32,32,32,32,-18.457763671875,-17.6007137298584,-18.597869873046875,0.8570499420166016,-0.140106201171875,0.9971561431884766
26,ragdoll,734,35,35,35,35,-16.30434226989746,-15.929298400878906,-16.43724822998047,0.3750438690185547,-0.1329059600830078,0.5079498291015625
26,ragdoll,1791,21,21,21,21,-14.255709648132324,-13.670513153076172,-13.844581604003906,0.5851964950561523,0.41112804412841797,0.17406845092773438
26,ragdoll,1645,30,30,30,30,-21.331825256347656,-20.682540893554688,-21.237865447998047,0.6492843627929688,0.09395980834960938,0.5553245544433594
26,ragdoll,3064,34,34,34,34,-17.52994155883789,-17.086963653564453,-17.926349639892578,0.4429779052734375,-0.3964080810546875,0.839385986328125
26,ragdoll,1683,7,7,7,7,-19.899032592773438,-19.89729118347168,-19.97266387939453,0.0017414093017578125,-0.07363128662109375,0.07537269592285156
26,ragdoll,1305,17,17,17,17,-11.904237747192383,-11.571173667907715,-11.858955383300781,0.33306407928466797,0.04528236389160156,0.2877817153930664
26,ragdoll,2394,14,14,14,14,-15.973974227905273,-15.933938980102539,-16.11917495727539,0.040035247802734375,-0.1452007293701172,0.18523597717285156
26,ragdoll,1384,33,33,33,33,-12.609134674072266,-12.376819610595703,-12.213285446166992,0.2323150634765625,0.39584922790527344,-0.16353416442871094
26,ragdoll,550,35,35,35,35,-17.2784366607666,-17.05449676513672,-17.619693756103516,0.2239398956298828,-0.34125709533691406,0.5651969909667969
26,ragdoll,279,6,6,6,6,-12.057038307189941,-11.494034767150879,-12.00406551361084,0.5630035400390625,0.05297279357910156,0.5100307464599609
26,ragdoll,3103,3,3,3,3,-17.7785701751709,-17.37773895263672,-17.531326293945312,0.4008312225341797,0.24724388122558594,0.15358734130859375
26,ragdoll,2620,21,21,21,21,-19.7894287109375,-19.45195770263672,-19.561622619628906,0.33747100830078125,0.22780609130859375,0.1096649169921875
26,ragdoll,757,28,28,28,28,-9.965034484863281,-9.774463653564453,-10.444975852966309,0.19057083129882812,-0.47994136810302734,0.6705121994018555
26,ragdoll,2929,22,22,22,22,-19.377960205078125,-18.69101333618164,-19.089994430541992,0.6869468688964844,0.2879657745361328,0.39898109436035156
26,ragdoll,871,9,9,9,9,-13.59592056274414,-13.008655548095703,-13.13539981842041,0.5872650146484375,0.46052074432373047,0.12674427032470703
26,ragdoll,1449,15,15,15,15,-18.1833438873291,-17.79610824584961,-18.606794357299805,0.3872356414794922,-0.4234504699707031,0.8106861114501953
26,ragdoll,3340,11,11,11,11,-11.156200408935547,-10.788331031799316,-10.989386558532715,0.36786937713623047,0.16681385040283203,0.20105552673339844
26,ragdoll,474,13,13,13,13,-13.002076148986816,-13.265312194824219,-13.242277145385742,-0.26323604583740234,-0.24020099639892578,-0.023035049438476562
26,ragdoll,709,22,22,22,22,-20.940715789794922,-20.36920166015625,-21.183353424072266,0.5715141296386719,-0.24263763427734375,0.8141517639160156
26,ragdoll,3124,15,15,15,15,-11.818191528320312,-11.353986740112305,-12.837508201599121,0.4642047882080078,-1.0193166732788086,1.4835214614868164
26,ragdoll,2598,22,22,22,22,-18.624568939208984,-18.467727661132812,-18.990280151367188,0.15684127807617188,-0.3657112121582031,0.522552490234375
26,ragdoll,3388,4,4,4,4,-15.912943840026855,-15.330509185791016,-17.249305725097656,0.5824346542358398,-1.3363618850708008,1.9187965393066406
26,ragdoll,3591,35,35,35,35,-13.783191680908203,-13.829482078552246,-14.00710678100586,-0.04629039764404297,-0.22391510009765625,0.17762470245361328
26,ragdoll,3430,12,12,12,12,-12.817983627319336,-12.087227821350098,-12.562345504760742,0.7307558059692383,0.25563812255859375,0.47511768341064453
26,ragdoll,578,31,31,31,31,-15.673633575439453,-14.566902160644531,-15.374574661254883,1.1067314147949219,0.2990589141845703,0.8076725006103516
26,ragdoll,3460,8,8,8,8,-24.97317886352539,-24.070579528808594,-24.52740478515625,0.9025993347167969,0.4457740783691406,0.45682525634765625
26,ragdoll,2478,33,33,33,33,-21.437137603759766,-21.160390853881836,-20.824918746948242,0.2767467498779297,0.6122188568115234,-0.33547210693359375
26,ragdoll,3652,35,35,35,35,-11.86620807647705,-10.83380126953125,-11.512405395507812,1.0324068069458008,0.3538026809692383,0.6786041259765625
26,ragdoll,1860,15,15,15,15,-17.846450805664062,-17.523996353149414,-18.20008087158203,0.32245445251464844,-0.35363006591796875,0.6760845184326172
26,ragdoll,1589,19,19,19,19,-12.034578323364258,-11.397565841674805,-12.684572219848633,0.6370124816894531,-0.649993896484375,1.2870063781738281
26,ragdoll,269,24,24,24,24,-16.061450958251953,-15.614030838012695,-16.014123916625977,0.4474201202392578,0.04732704162597656,0.40009307861328125
26,ragdoll,1469,15,15,15,15,-12.412267684936523,-11.898527145385742,-12.686624526977539,0.5137405395507812,-0.2743568420410156,0.7880973815917969
26,ragdoll,615,23,23,23,23,-11.176746368408203,-11.063642501831055,-10.912556648254395,0.11310386657714844,0.2641897201538086,-0.15108585357666016
26,ragdoll,2269,35,35,35,35,-17.160934448242188,-17.100202560424805,-17.53786277770996,0.06073188781738281,-0.37692832946777344,0.43766021728515625
26,ragdoll,1404,15,15,15,15,-13.525795936584473,-13.016630172729492,-13.835643768310547,0.5091657638549805,-0.3098478317260742,0.8190135955810547
26,ragdoll,2706,20,20,20,20,-7.511024475097656,-7.567837715148926,-7.858624458312988,-0.05681324005126953,-0.34759998321533203,0.2907867431640625
26,ragdoll,933,3,3,3,3,-25.290531158447266,-24.62181854248047,-24.708019256591797,0.6687126159667969,0.5825119018554688,0.08620071411132812
26,ragdoll,1761,34,34,34,34,-20.67636489868164,-19.949310302734375,-20.67581558227539,0.7270545959472656,0.00054931640625,0.7265052795410156
26,ragdoll,1565,2,2,2,2,-9.69741153717041,-8.975582122802734,-9.553563117980957,0.7218294143676758,0.14384841918945312,0.5779809951782227
26,ragdoll,3174,0,0,0,0,-15.016609191894531,-14.905436515808105,-14.818700790405273,0.11117267608642578,0.1979084014892578,-0.08673572540283203
26,ragdoll,3401,24,24,24,24,-9.180022239685059,-8.917531967163086,-8.815969467163086,0.26249027252197266,0.36405277252197266,-0.1015625
26,ragdoll,3477,1,1,1,1,-15.879266738891602,-15.507923126220703,-15.137935638427734,0.37134361267089844,0.7413311004638672,-0.36998748779296875
26,ragdoll,1164,17,17,17,17,-18.08379364013672,-17.391395568847656,-18.239696502685547,0.6923980712890625,-0.15590286254882812,0.8483009338378906
26,ragdoll,593,33,33,33,33,-19.338680267333984,-18.93968963623047,-18.71696662902832,0.3989906311035156,0.6217136383056641,-0.22272300720214844
26,ragdoll,3234,22,22,22,22,-16.413789749145508,-15.632939338684082,-16.145790100097656,0.7808504104614258,0.26799964904785156,0.5128507614135742
26,ragdoll,149,22,22,22,22,-18.65886688232422,-18.108810424804688,-18.460296630859375,0.5500564575195312,0.19857025146484375,0.3514862060546875
26,ragdoll,3482,8,8,8,8,-18.670610427856445,-18.16762351989746,-18.415300369262695,0.5029869079589844,0.25531005859375,0.24767684936523438
26,ragdoll,1048,4,4,4,4,-10.585046768188477,-9.966840744018555,-9.995769500732422,0.6182060241699219,0.5892772674560547,0.028928756713867188
26,ragdoll,2571,1,1,1,1,-17.741817474365234,-17.449146270751953,-17.12628173828125,0.29267120361328125,0.6155357360839844,-0.3228645324707031
26,ragdoll,2402,33,33,33,33,-12.162429809570312,-11.953115463256836,-11.652284622192383,0.20931434631347656,0.5101451873779297,-0.3008308410644531
26,ragdoll,2039,23,23,23,23,-18.84781265258789,-18.62156867980957,-18.290512084960938,0.2262439727783203,0.5573005676269531,-0.3310565948486328
26,ragdoll,1023,18,18,18,18,-22.67076873779297,-22.059814453125,-22.976810455322266,0.6109542846679688,-0.3060417175292969,0.9169960021972656
26,ragdoll,2802,32,32,32,32,-14.881867408752441,-14.695003509521484,-14.718611717224121,0.18686389923095703,0.1632556915283203,0.02360820770263672
26,ragdoll,3084,12,12,12,12,-18.029949188232422,-17.240325927734375,-17.640901565551758,0.7896232604980469,0.38904762268066406,0.4005756378173828
26,ragdoll,2073,29,29,29,29,-18.156532287597656,-17.582393646240234,-18.113956451416016,0.5741386413574219,0.042575836181640625,0.5315628051757812
26,ragdoll,2928,5,5,5,5,-17.59075355529785,-17.261777877807617,-17.007823944091797,0.3289756774902344,0.5829296112060547,-0.2539539337158203
26,ragdoll,2967,33,33,33,33,-11.277347564697266,-11.141162872314453,-11.032238006591797,0.1361846923828125,0.24510955810546875,-0.10892486572265625
26,ragdoll,2756,19,19,19,19,-11.472110748291016,-10.898218154907227,-12.06236457824707,0.5738925933837891,-0.5902538299560547,1.1641464233398438
26,ragdoll,3110,25,25,25,25,-14.218671798706055,-13.495047569274902,-13.61732292175293,0.7236242294311523,0.601348876953125,0.12227535247802734
26,ragdoll,3326,14,14,14,14,-15.950610160827637,-15.89000415802002,-15.751853942871094,0.06060600280761719,0.19875621795654297,-0.13815021514892578
26,ragdoll,402,2,2,2,2,-5.31730842590332,-4.642918109893799,-5.388694763183594,0.6743903160095215,-0.07138633728027344,0.7457766532897949
26,ragdoll,2235,25,25,25,25,-16.822771072387695,-16.288410186767578,-16.721923828125,0.5343608856201172,0.10084724426269531,0.4335136413574219
26,ragdoll,1507,19,19,19,19,-12.477688789367676,-12.024209976196289,-13.00991153717041,0.4534788131713867,-0.5322227478027344,0.9857015609741211
26,ragdoll,2342,29,29,29,29,-15.161539077758789,-14.230588912963867,-14.746732711791992,0.9309501647949219,0.4148063659667969,0.516143798828125
27,russian_blue,3064,34,34,34,34,-13.200714111328125,-12.983413696289062,-13.526081085205078,0.2173004150390625,-0.3253669738769531,0.5426673889160156
27,russian_blue,2623,13,13,13,13,-23.18960189819336,-22.747249603271484,-22.87546730041504,0.442352294921875,0.3141345977783203,0.1282176971435547
27,russian_blue,291,4,4,4,4,-17.59838104248047,-17.592721939086914,-17.489328384399414,0.0056591033935546875,0.10905265808105469,-0.1033935546875
27,russian_blue,3566,7,7,7,7,-15.060789108276367,-14.391812324523926,-15.44140625,0.6689767837524414,-0.3806171417236328,1.0495939254760742
27,russian_blue,776,21,21,21,21,-24.8424072265625,-24.536090850830078,-25.663097381591797,0.3063163757324219,-0.8206901550292969,1.1270065307617188
27,russian_blue,1890,29,29,29,29,-16.98926544189453,-16.9190673828125,-16.964080810546875,0.07019805908203125,0.02518463134765625,0.045013427734375
27,russian_blue,898,34,34,34,34,-9.560994148254395,-9.066112518310547,-9.722333908081055,0.49488162994384766,-0.16133975982666016,0.6562213897705078
27,russian_blue,168,26,26,26,26,-16.073486328125,-16.0231990814209,-16.139652252197266,0.05028724670410156,-0.06616592407226562,0.11645317077636719
27,russian_blue,201,28,28,28,28,-13.453751564025879,-13.36375617980957,-13.179694175720215,0.0899953842163086,0.27405738830566406,-0.18406200408935547
27,russian_blue,116,17,17,17,17,-19.99645233154297,-19.756994247436523,-20.106351852416992,0.2394580841064453,-0.10989952087402344,0.34935760498046875
27,russian_blue,857,21,21,21,21,-11.682178497314453,-10.952339172363281,-12.259580612182617,0.7298393249511719,-0.5774021148681641,1.307241439819336
27,russian_blue,1223,21,21,21,21,-20.91147232055664,-20.332685470581055,-22.004043579101562,0.5787868499755859,-1.0925712585449219,1.6713581085205078
27,russian_blue,934,34,34,34,34,-11.934090614318848,-11.572179794311523,-12.438278198242188,0.3619108200073242,-0.5041875839233398,0.8660984039306641
27,russian_blue,1759,22,22,22,22,-15.883529663085938,-15.613286018371582,-16.237327575683594,0.27024364471435547,-0.35379791259765625,0.6240415573120117
27,russian_blue,1840,16,16,16,16,-21.48225212097168,-21.837358474731445,-21.593955993652344,-0.3551063537597656,-0.11170387268066406,-0.24340248107910156
27,russian_blue,1948,23,23,23,23,-10.953096389770508,-10.671859741210938,-10.759525299072266,0.2812366485595703,0.1935710906982422,0.08766555786132812
27,russian_blue,554,28,28,28,28,-14.313440322875977,-14.307747840881348,-14.215417861938477,0.005692481994628906,0.0980224609375,-0.0923299789428711
27,russian_blue,1492,10,10,10,10,-16.157522201538086,-15.618154525756836,-16.320985794067383,0.53936767578125,-0.16346359252929688,0.7028312683105469
27,russian_blue,1695,5,5,5,5,-14.892786026000977,-14.515153884887695,-14.644083023071289,0.37763214111328125,0.2487030029296875,0.12892913818359375
27,russian_blue,3213,19,19,19,19,-10.195714950561523,-9.853038787841797,-10.279634475708008,0.34267616271972656,-0.08391952514648438,0.42659568786621094
27,russian_blue,181,34,34,34,34,-15.863336563110352,-15.254417419433594,-15.825403213500977,0.6089191436767578,0.037933349609375,0.5709857940673828
27,russian_blue,2925,32,32,32,32,-12.77122688293457,-13.023038864135742,-12.845924377441406,-0.2518119812011719,-0.07469749450683594,-0.17711448669433594
27,russian_blue,1652,35,35,35,35,-10.062363624572754,-10.171399116516113,-9.931623458862305,-0.10903549194335938,0.13074016571044922,-0.2397756576538086
27,russian_blue,457,8,8,8,8,-12.363687515258789,-12.05461311340332,-12.693453788757324,0.30907440185546875,-0.32976627349853516,0.6388406753540039
27,russian_blue,587,14,14,14,14,-13.859443664550781,-13.31745433807373,-14.030683517456055,0.5419893264770508,-0.17123985290527344,0.7132291793823242
27,russian_blue,2868,7,7,7,7,-13.780694961547852,-13.2929048538208,-14.307726860046387,0.4877901077270508,-0.5270318984985352,1.014822006225586
27,russian_blue,3292,4,4,4,4,-22.930622100830078,-23.549678802490234,-23.475566864013672,-0.6190567016601562,-0.5449447631835938,-0.0741119384765625
27,russian_blue,2396,24,24,24,24,-13.458507537841797,-13.11906909942627,-13.636125564575195,0.33943843841552734,-0.17761802673339844,0.5170564651489258
27,russian_blue,896,14,14,14,14,-11.176087379455566,-10.414815902709961,-11.505668640136719,0.7612714767456055,-0.32958126068115234,1.0908527374267578
27,russian_blue,2390,32,32,32,32,-11.630077362060547,-11.67387866973877,-11.447779655456543,-0.043801307678222656,0.1822977066040039,-0.22609901428222656
27,russian_blue,2791,25,25,25,25,-20.822479248046875,-20.79541778564453,-21.287948608398438,0.02706146240234375,-0.4654693603515625,0.49253082275390625
27,russian_blue,1777,15,15,15,15,-14.880109786987305,-14.494296073913574,-14.572193145751953,0.38581371307373047,0.30791664123535156,0.0778970718383789
27,russian_blue,2291,1,1,1,1,-12.793804168701172,-12.917187690734863,-11.17694091796875,-0.1233835220336914,1.6168632507324219,-1.7402467727661133
27,russian_blue,3254,1,1,1,1,-12.942427635192871,-12.819060325622559,-12.143064498901367,0.1233673095703125,0.7993631362915039,-0.6759958267211914
27,russian_blue,3285,21,21,21,21,-16.770967483520508,-15.610952377319336,-17.601579666137695,1.1600151062011719,-0.8306121826171875,1.9906272888183594
27,russian_blue,918,6,6,6,6,-23.584867477416992,-23.840503692626953,-23.08895492553711,-0.25563621520996094,0.4959125518798828,-0.7515487670898438
27,russian_blue,248,34,34,34,34,-10.705657958984375,-10.339143753051758,-10.60598373413086,0.3665142059326172,0.09967422485351562,0.26683998107910156
27,russian_blue,3179,21,21,21,21,-12.258882522583008,-11.646196365356445,-13.0115966796875,0.6126861572265625,-0.7527141571044922,1.3654003143310547
27,russian_blue,3086,34,34,34,34,-13.434728622436523,-13.180388450622559,-13.304965019226074,0.25434017181396484,0.12976360321044922,0.12457656860351562
27,russian_blue,1498,35,35,35,35,-12.958192825317383,-13.252521514892578,-12.707805633544922,-0.2943286895751953,0.25038719177246094,-0.5447158813476562
27,russian_blue,626,18,18,18,18,-11.922300338745117,-11.487556457519531,-12.213845252990723,0.43474388122558594,-0.29154491424560547,0.7262887954711914
27,russian_blue,901,8,8,8,8,-12.12027359008789,-11.709636688232422,-12.35139274597168,0.41063690185546875,-0.23111915588378906,0.6417560577392578
27,russian_blue,3139,4,4,4,4,-12.105400085449219,-11.969941139221191,-11.78726577758789,0.13545894622802734,0.3181343078613281,-0.18267536163330078
27,russian_blue,1633,21,21,21,21,-8.11594295501709,-7.500670433044434,-8.023234367370605,0.6152725219726562,0.09270858764648438,0.5225639343261719
27,russian_blue,2522,36,36,36,36,-20.687440872192383,-20.039920806884766,-20.609607696533203,0.6475200653076172,0.07783317565917969,0.5696868896484375
27,russian_blue,476,5,5,5,5,-10.809666633605957,-10.320103645324707,-10.005487442016602,0.48956298828125,0.8041791915893555,-0.31461620330810547
27,russian_blue,2361,18,18,18,18,-11.185586929321289,-10.803308486938477,-11.316062927246094,0.3822784423828125,-0.1304759979248047,0.5127544403076172
27,russian_blue,38,24,24,24,24,-16.187397003173828,-15.793203353881836,-16.416210174560547,0.3941936492919922,-0.22881317138671875,0.6230068206787109
27,russian_blue,801,26,26,26,26,-9.030759811401367,-8.539339065551758,-8.541130065917969,0.4914207458496094,0.48962974548339844,0.0017910003662109375
27,russian_blue,3241,9,9,9,9,-4.254051208496094,-4.106977462768555,-4.002235412597656,0.14707374572753906,0.2518157958984375,-0.10474205017089844
27,russian_blue,948,14,14,14,14,-12.094244003295898,-11.631963729858398,-12.579753875732422,0.4622802734375,-0.48550987243652344,0.9477901458740234
27,russian_blue,347,36,36,36,36,-10.467026710510254,-10.305349349975586,-10.760414123535156,0.16167736053466797,-0.29338741302490234,0.4550647735595703
27,russian_blue,1730,20,20,20,20,-10.082193374633789,-8.828600883483887,-9.652839660644531,1.2535924911499023,0.4293537139892578,0.8242387771606445
27,russian_blue,1040,28,28,28,28,-16.420991897583008,-16.818286895751953,-16.54970932006836,-0.3972949981689453,-0.12871742248535156,-0.26857757568359375
27,russian_blue,1381,18,18,18,18,-15.371155738830566,-15.302199363708496,-15.873418807983398,0.06895637512207031,-0.502263069152832,0.5712194442749023
27,russian_blue,590,34,34,34,34,-19.508411407470703,-18.938358306884766,-19.64627456665039,0.5700531005859375,-0.1378631591796875,0.707916259765625
27,russian_blue,2785,3,3,3,3,-17.718238830566406,-17.676395416259766,-17.61948013305664,0.041843414306640625,0.09875869750976562,-0.056915283203125
27,russian_blue,2601,17,17,17,17,-21.71484375,-21.829723358154297,-21.965566635131836,-0.11487960815429688,-0.25072288513183594,0.13584327697753906
27,russian_blue,1134,14,14,14,14,-10.24921703338623,-9.350104331970215,-10.530386924743652,0.8991127014160156,-0.2811698913574219,1.1802825927734375
27,russian_blue,197,28,28,28,28,-19.907833099365234,-20.06216049194336,-19.7115478515625,-0.154327392578125,0.19628524780273438,-0.3506126403808594
27,russian_blue,3017,33,33,33,33,-6.0435686111450195,-5.905065059661865,-5.479139804840088,0.1385035514831543,0.5644288063049316,-0.42592525482177734
27,russian_blue,1432,7,7,7,7,-8.673590660095215,-8.03752613067627,-9.108855247497559,0.6360645294189453,-0.43526458740234375,1.071329116821289
27,russian_blue,3277,30,30,30,30,-18.02078628540039,-17.316314697265625,-18.244401931762695,0.7044715881347656,-0.2236156463623047,0.9280872344970703
27,russian_blue,1794,11,11,11,11,-15.302638053894043,-15.433361053466797,-14.871221542358398,-0.1307229995727539,0.43141651153564453,-0.5621395111083984
29,samoyed,1139,10,10,10,10,-20.192733764648438,-21.21540641784668,-18.686426162719727,-1.0226726531982422,1.506307601928711,-2.528980255126953
29,samoyed,3424,19,19,19,19,-17.554611206054688,-15.854966163635254,-17.35593605041504,1.6996450424194336,0.19867515563964844,1.5009698867797852
29,samoyed,324,21,21,21,21,-12.299839973449707,-11.521010398864746,-12.066951751708984,0.7788295745849609,0.23288822174072266,0.5459413528442383
29,samoyed,2985,9,9,27,9,-13.018745422363281,-11.839094161987305,-14.032032012939453,1.1796512603759766,-1.0132865905761719,2.1929378509521484
29,samoyed,1941,27,27,27,27,-16.843921661376953,-15.565555572509766,-15.571554183959961,1.2783660888671875,1.2723674774169922,0.0059986114501953125
29,samoyed,2336,15,15,15,15,-11.110383987426758,-9.573575973510742,-9.65928840637207,1.5368080139160156,1.4510955810546875,0.08571243286132812
29,samoyed,2910,14,14,14,14,-18.333477020263672,-16.436798095703125,-16.403514862060547,1.8966789245605469,1.929962158203125,-0.033283233642578125
29,samoyed,901,8,8,1,8,-14.375703811645508,-14.210729598999023,-15.251855850219727,0.16497421264648438,-0.8761520385742188,1.0411262512207031
29,samoyed,3498,10,10,10,10,-10.338573455810547,-11.450014114379883,-8.645293235778809,-1.111440658569336,1.6932802200317383,-2.804720878601074
29,samoyed,1955,2,2,2,2,-17.35175132751465,-14.417627334594727,-15.216201782226562,2.934123992919922,2.135549545288086,0.7985744476318359
29,samoyed,1703,0,0,0,0,-16.736909866333008,-17.00470542907715,-15.930126190185547,-0.2677955627441406,0.8067836761474609,-1.0745792388916016
29,samoyed,1106,10,10,10,10,-12.195521354675293,-13.059894561767578,-10.991059303283691,-0.8643732070922852,1.2044620513916016,-2.0688352584838867
29,samoyed,2528,13,13,13,13,-15.79124641418457,-15.712308883666992,-14.187385559082031,0.07893753051757812,1.603860855102539,-1.524923324584961
29,samoyed,2810,30,30,30,30,-9.186504364013672,-9.541145324707031,-8.10302448272705,-0.3546409606933594,1.083479881286621,-1.4381208419799805
29,samoyed,2470,2,2,2,2,-14.981538772583008,-11.380838394165039,-10.856908798217773,3.6007003784179688,4.124629974365234,-0.5239295959472656
29,samoyed,2440,22,22,22,22,-8.178951263427734,-6.634500980377197,-8.513822555541992,1.544450283050537,-0.3348712921142578,1.879321575164795
29,samoyed,116,17,17,17,17,-15.489949226379395,-15.014912605285645,-14.429520606994629,0.47503662109375,1.0604286193847656,-0.5853919982910156
29,samoyed,3359,5,5,5,5,-19.452762603759766,-18.523828506469727,-19.684551239013672,0.9289340972900391,-0.23178863525390625,1.1607227325439453
29,samoyed,359,6,6,6,6,-13.912415504455566,-12.858081817626953,-13.939376831054688,1.0543336868286133,-0.026961326599121094,1.0812950134277344
29,samoyed,3321,2,2,2,2,-6.596380233764648,-5.6164445877075195,-5.525151252746582,0.9799356460571289,1.0712289810180664,-0.0912933349609375
29,samoyed,3063,19,19,19,19,-15.834087371826172,-14.577947616577148,-16.203617095947266,1.2561397552490234,-0.36952972412109375,1.6256694793701172
29,samoyed,17,18,18,18,18,-13.819906234741211,-11.606836318969727,-12.888474464416504,2.2130699157714844,0.931431770324707,1.2816381454467773
29,samoyed,1256,7,7,7,7,-12.093422889709473,-10.805476188659668,-12.388538360595703,1.2879467010498047,-0.29511547088623047,1.5830621719360352
29,samoyed,291,4,4,4,4,-19.60538101196289,-19.064472198486328,-18.539260864257812,0.5409088134765625,1.0661201477050781,-0.5252113342285156
29,samoyed,971,22,22,22,22,-11.449575424194336,-10.481575012207031,-11.550525665283203,0.9680004119873047,-0.10095024108886719,1.0689506530761719
29,samoyed,89,14,14,14,14,-18.529294967651367,-17.931766510009766,-17.65602684020996,0.5975284576416016,0.8732681274414062,-0.2757396697998047
29,samoyed,1387,27,27,27,27,-15.586004257202148,-15.050603866577148,-15.179426193237305,0.535400390625,0.40657806396484375,0.12882232666015625
29,samoyed,1764,32,32,32,32,-14.592691421508789,-14.353961944580078,-13.725427627563477,0.23872947692871094,0.8672637939453125,-0.6285343170166016
29,samoyed,3065,26,26,26,26,-18.396711349487305,-17.02285385131836,-17.94747543334961,1.3738574981689453,0.4492359161376953,0.92462158203125
29,samoyed,3591,35,35,35,35,-13.417656898498535,-12.390098571777344,-13.023645401000977,1.0275583267211914,0.3940114974975586,0.6335468292236328
29,samoyed,894,0,0,0,0,-14.47883415222168,-14.108878135681152,-13.437370300292969,0.36995601654052734,1.041463851928711,-0.6715078353881836
29,samoyed,3035,33,33,33,33,-18.904132843017578,-18.600923538208008,-17.542404174804688,0.3032093048095703,1.3617286682128906,-1.0585193634033203
29,samoyed,3608,22,22,22,22,-12.912079811096191,-10.752409934997559,-12.928340911865234,2.159669876098633,-0.01626110076904297,2.175930976867676
29,samoyed,516,24,24,24,24,-3.478320360183716,-3.609731912612915,-2.566352367401123,-0.13141155242919922,0.9119679927825928,-1.043379545211792
29,samoyed,3318,10,10,10,10,-15.206624984741211,-16.028797149658203,-14.037628173828125,-0.8221721649169922,1.168996810913086,-1.9911689758300781
29,samoyed,3233,36,36,36,36,-22.08863067626953,-23.419055938720703,-21.091787338256836,-1.3304252624511719,0.9968433380126953,-2.327268600463867
29,samoyed,455,36,36,36,36,-16.74167251586914,-17.16436004638672,-16.499902725219727,-0.4226875305175781,0.24176979064941406,-0.6644573211669922
29,samoyed,1427,30,30,30,30,-14.111457824707031,-14.98351764678955,-12.560410499572754,-0.8720598220825195,1.5510473251342773,-2.423107147216797
29,samoyed,3350,31,31,31,31,-13.787853240966797,-13.470992088317871,-13.911874771118164,0.3168611526489258,-0.12402153015136719,0.44088268280029297
29,samoyed,3505,31,31,31,31,-14.080095291137695,-13.633174896240234,-14.317325592041016,0.44692039489746094,-0.2372303009033203,0.6841506958007812
29,samoyed,2339,0,0,0,0,-17.56032371520996,-18.310302734375,-16.562105178833008,-0.7499790191650391,0.9982185363769531,-1.7481975555419922
29,samoyed,3075,35,35,35,35,-21.547222137451172,-19.050918579101562,-18.834922790527344,2.4963035583496094,2.712299346923828,-0.21599578857421875
29,samoyed,1302,31,31,31,31,-8.023161888122559,-6.525177478790283,-7.505396366119385,1.4979844093322754,0.5177655220031738,0.9802188873291016
29,samoyed,3354,1,1,1,8,-11.241472244262695,-11.806962013244629,-11.44686508178711,-0.5654897689819336,-0.20539283752441406,-0.36009693145751953
29,samoyed,1845,27,27,27,27,-23.710988998413086,-22.661161422729492,-22.500228881835938,1.0498275756835938,1.2107601165771484,-0.1609325408935547
29,samoyed,1190,28,28,28,28,-19.602176666259766,-17.603206634521484,-19.92896270751953,1.9989700317382812,-0.3267860412597656,2.325756072998047
29,samoyed,1289,31,31,31,31,-14.88821792602539,-14.018902778625488,-14.741397857666016,0.8693151473999023,0.146820068359375,0.7224950790405273
29,samoyed,2691,19,19,19,19,-22.174880981445312,-19.389156341552734,-22.29134750366211,2.785724639892578,-0.11646652221679688,2.902191162109375
29,samoyed,1894,13,13,13,13,-7.364627361297607,-6.641960144042969,-5.422758102416992,0.7226672172546387,1.9418692588806152,-1.2192020416259766
29,samoyed,2455,20,20,20,20,-19.898296356201172,-19.104650497436523,-19.41925048828125,0.7936458587646484,0.4790458679199219,0.31459999084472656
29,samoyed,1511,17,17,17,17,-22.00675392150879,-22.188077926635742,-20.977001190185547,-0.18132400512695312,1.0297527313232422,-1.2110767364501953
29,samoyed,2229,3,3,3,3,-18.894338607788086,-17.83948516845703,-18.111312866210938,1.0548534393310547,0.7830257415771484,0.27182769775390625
29,samoyed,1063,30,30,30,30,-14.421941757202148,-16.064117431640625,-14.110204696655273,-1.6421756744384766,0.311737060546875,-1.9539127349853516
29,samoyed,225,1,1,1,1,-17.342432022094727,-17.447614669799805,-15.723535537719727,-0.10518264770507812,1.618896484375,-1.7240791320800781
29,samoyed,2892,19,19,19,19,-20.853626251220703,-18.150503158569336,-19.985807418823242,2.703123092651367,0.8678188323974609,1.8353042602539062
29,samoyed,2213,9,9,9,9,-6.2762298583984375,-4.5315937995910645,-6.681358337402344,1.744636058807373,-0.40512847900390625,2.1497645378112793
29,samoyed,61,7,7,7,7,-20.335189819335938,-19.638174057006836,-19.736549377441406,0.6970157623291016,0.5986404418945312,0.09837532043457031
29,samoyed,1547,31,31,31,31,-11.738128662109375,-11.600288391113281,-11.784464836120605,0.13784027099609375,-0.04633617401123047,0.18417644500732422
29,samoyed,2250,11,11,11,11,-27.915977478027344,-28.245426177978516,-26.58392906188965,-0.3294486999511719,1.3320484161376953,-1.6614971160888672
29,samoyed,2346,31,31,31,31,-8.09196949005127,-7.562220096588135,-7.864503860473633,0.5297493934631348,0.22746562957763672,0.30228376388549805
29,samoyed,2203,4,4,4,4,-16.165828704833984,-15.253338813781738,-15.576419830322266,0.9124898910522461,0.5894088745117188,0.32308101654052734
29,samoyed,1266,30,30,30,30,-13.565983772277832,-15.00806999206543,-12.631631851196289,-1.4420862197875977,0.934351921081543,-2.3764381408691406
29,samoyed,49,6,6,6,6,-12.862122535705566,-10.618568420410156,-12.124792098999023,2.24355411529541,0.737330436706543,1.5062236785888672
29,samoyed,3410,11,11,11,11,-21.073423385620117,-21.74163055419922,-18.769350051879883,-0.6682071685791016,2.3040733337402344,-2.972280502319336
31,shiba_inu,408,21,21,21,21,-4.975522041320801,-1.651951551437378,-2.6711273193359375,3.323570489883423,2.3043947219848633,1.0191757678985596
31,shiba_inu,296,6,6,6,6,-22.084033966064453,-22.006982803344727,-22.33588409423828,0.07705116271972656,-0.2518501281738281,0.3289012908935547
31,shiba_inu,2876,0,0,0,0,-9.07129955291748,-8.026317596435547,-7.658383846282959,1.0449819564819336,1.4129157066345215,-0.3679337501525879
31,shiba_inu,2525,6,6,6,6,-19.52758026123047,-20.31924819946289,-19.665843963623047,-0.7916679382324219,-0.13826370239257812,-0.6534042358398438
31,shiba_inu,620,20,20,20,20,-12.0413179397583,-11.027414321899414,-12.059253692626953,1.0139036178588867,-0.017935752868652344,1.031839370727539
31,shiba_inu,2402,33,33,33,33,-17.174198150634766,-15.999861717224121,-16.445436477661133,1.1743364334106445,0.7287616729736328,0.4455747604370117
31,shiba_inu,3443,27,27,27,27,-16.63800811767578,-16.311601638793945,-16.469589233398438,0.32640647888183594,0.16841888427734375,0.1579875946044922
31,shiba_inu,568,7,7,7,7,-19.07455825805664,-18.044357299804688,-17.785213470458984,1.0302009582519531,1.2893447875976562,-0.2591438293457031
31,shiba_inu,2300,29,29,29,29,-13.92614459991455,-12.887109756469727,-13.671880722045898,1.0390348434448242,0.25426387786865234,0.7847709655761719
31,shiba_inu,603,17,17,17,17,-19.64242172241211,-19.16495132446289,-19.99812889099121,0.47747039794921875,-0.35570716857910156,0.8331775665283203
31,shiba_inu,3596,14,14,14,14,-17.16774559020996,-16.38225555419922,-16.39257049560547,0.7854900360107422,0.7751750946044922,0.01031494140625
31,shiba_inu,1402,14,14,14,14,-21.793777465820312,-20.664146423339844,-20.192657470703125,1.1296310424804688,1.6011199951171875,-0.47148895263671875
31,shiba_inu,3365,26,26,26,26,-17.477588653564453,-16.404518127441406,-16.688549041748047,1.0730705261230469,0.7890396118164062,0.2840309143066406
31,shiba_inu,1737,26,26,26,26,-12.73556900024414,-11.512749671936035,-12.281203269958496,1.2228193283081055,0.45436573028564453,0.7684535980224609
31,shiba_inu,2101,8,8,8,8,-11.902588844299316,-10.984987258911133,-11.283666610717773,0.9176015853881836,0.618922233581543,0.2986793518066406
31,shiba_inu,2286,6,6,6,6,-13.599504470825195,-13.688112258911133,-13.774979591369629,-0.0886077880859375,-0.1754751205444336,0.0868673324584961
31,shiba_inu,2889,15,15,15,15,-10.710237503051758,-10.187067985534668,-11.675826072692871,0.5231695175170898,-0.9655885696411133,1.4887580871582031
31,shiba_inu,1082,3,3,3,3,-11.643917083740234,-10.634821891784668,-10.80421257019043,1.0090951919555664,0.8397045135498047,0.16939067840576172
31,shiba_inu,554,28,28,28,28,-12.272390365600586,-11.068672180175781,-12.845857620239258,1.2037181854248047,-0.5734672546386719,1.7771854400634766
31,shiba_inu,1383,22,22,22,22,-15.195953369140625,-14.640766143798828,-14.417400360107422,0.5551872253417969,0.7785530090332031,-0.22336578369140625
31,shiba_inu,1098,12,12,12,12,-17.878135681152344,-18.40685272216797,-17.991836547851562,-0.528717041015625,-0.11370086669921875,-0.41501617431640625
31,shiba_inu,631,36,36,36,36,-16.317089080810547,-15.996452331542969,-15.812967300415039,0.3206367492675781,0.5041217803955078,-0.1834850311279297
31,shiba_inu,3417,2,2,2,2,-12.38210678100586,-11.53533935546875,-12.106025695800781,0.8467674255371094,0.2760810852050781,0.5706863403320312
31,shiba_inu,2509,30,30,30,30,-19.712345123291016,-19.28907012939453,-19.862503051757812,0.4232749938964844,-0.15015792846679688,0.5734329223632812
31,shiba_inu,1572,35,35,35,35,-13.802124977111816,-14.18974494934082,-14.120019912719727,-0.3876199722290039,-0.31789493560791016,-0.06972503662109375
31,shiba_inu,2305,10,10,10,10,-12.659700393676758,-11.909236907958984,-11.955390930175781,0.7504634857177734,0.7043094635009766,0.046154022216796875
31,shiba_inu,399,13,13,13,13,-24.41595458984375,-22.19642448425293,-24.09281349182129,2.2195301055908203,0.32314109802246094,1.8963890075683594
31,shiba_inu,2271,30,30,30,30,-13.364558219909668,-12.833337783813477,-13.611461639404297,0.5312204360961914,-0.2469034194946289,0.7781238555908203
31,shiba_inu,2903,10,10,10,10,-13.538023948669434,-11.843893051147461,-12.244484901428223,1.6941308975219727,1.293539047241211,0.4005918502807617
31,shiba_inu,1995,27,27,27,27,-12.714851379394531,-12.167383193969727,-12.484574317932129,0.5474681854248047,0.23027706146240234,0.31719112396240234
31,shiba_inu,1361,29,29,29,29,-1.954664945602417,-0.9810593128204346,-1.8386554718017578,0.9736056327819824,0.11600947380065918,0.8575961589813232
31,shiba_inu,1115,8,8,8,8,-19.723844528198242,-18.40729331970215,-18.820911407470703,1.3165512084960938,0.9029331207275391,0.4136180877685547
31,shiba_inu,920,14,14,14,14,-19.477672576904297,-18.26560401916504,-18.72061538696289,1.2120685577392578,0.7570571899414062,0.45501136779785156
31,shiba_inu,446,18,18,18,18,-10.597187042236328,-10.485586166381836,-10.867938995361328,0.11160087585449219,-0.270751953125,0.3823528289794922
31,shiba_inu,59,12,12,12,12,-9.048284530639648,-6.833556175231934,-8.025138854980469,2.214728355407715,1.0231456756591797,1.1915826797485352
31,shiba_inu,131,27,27,27,27,-17.118412017822266,-17.516952514648438,-17.19645881652832,-0.3985404968261719,-0.07804679870605469,-0.3204936981201172
31,shiba_inu,1266,30,30,30,30,-13.914037704467773,-13.887868881225586,-13.529407501220703,0.0261688232421875,0.3846302032470703,-0.3584613800048828
31,shiba_inu,2909,17,17,17,17,-18.16950798034668,-17.22890853881836,-18.30683135986328,0.9405994415283203,-0.13732337951660156,1.0779228210449219
31,shiba_inu,3124,15,15,15,15,-17.651416778564453,-17.08739471435547,-19.172332763671875,0.5640220642089844,-1.5209159851074219,2.0849380493164062
31,shiba_inu,1435,11,11,11,11,-29.651784896850586,-30.925642013549805,-30.762527465820312,-1.2738571166992188,-1.1107425689697266,-0.1631145477294922
31,shiba_inu,1323,28,28,28,28,-11.898799896240234,-10.820962905883789,-12.532491683959961,1.0778369903564453,-0.6336917877197266,1.7115287780761719
31,shiba_inu,2166,3,3,3,3,-15.920971870422363,-14.789584159851074,-14.674095153808594,1.131387710571289,1.2468767166137695,-0.11548900604248047
31,shiba_inu,153,29,29,29,29,-9.520366668701172,-9.017192840576172,-9.399669647216797,0.503173828125,0.120697021484375,0.382476806640625
31,shiba_inu,2136,26,26,26,26,-13.292581558227539,-12.343536376953125,-12.832582473754883,0.9490451812744141,0.45999908447265625,0.4890460968017578
31,shiba_inu,2513,1,1,1,1,-18.044370651245117,-17.84033966064453,-17.151870727539062,0.20403099060058594,0.8924999237060547,-0.6884689331054688
31,shiba_inu,2875,15,15,15,15,-5.57456111907959,-3.717609405517578,-6.410273551940918,1.8569517135620117,-0.8357124328613281,2.69266414642334
31,shiba_inu,130,34,34,34,34,-8.436025619506836,-8.638215065002441,-8.350175857543945,-0.20218944549560547,0.08584976196289062,-0.2880392074584961
31,shiba_inu,1112,0,0,0,0,-12.302709579467773,-11.177385330200195,-11.455862998962402,1.1253242492675781,0.8468465805053711,0.27847766876220703
31,shiba_inu,3275,6,6,6,6,-21.25642967224121,-20.853134155273438,-20.983657836914062,0.40329551696777344,0.27277183532714844,0.130523681640625
31,shiba_inu,1907,13,13,13,13,-13.822980880737305,-12.467228889465332,-13.959207534790039,1.3557519912719727,-0.13622665405273438,1.491978645324707
31,shiba_inu,285,29,29,29,29,-8.272904396057129,-7.425515174865723,-7.913633823394775,0.8473892211914062,0.3592705726623535,0.48811864852905273
31,shiba_inu,1146,16,16,16,16,-13.96796703338623,-14.39620590209961,-13.702589988708496,-0.4282388687133789,0.2653770446777344,-0.6936159133911133
31,shiba_inu,649,36,36,36,36,-11.230587005615234,-10.981856346130371,-10.382511138916016,0.24873065948486328,0.8480758666992188,-0.5993452072143555
31,shiba_inu,3192,16,16,16,16,-11.971086502075195,-12.437005043029785,-11.880548477172852,-0.46591854095458984,0.09053802490234375,-0.5564565658569336
31,shiba_inu,2081,36,36,36,36,-13.383993148803711,-13.473457336425781,-12.780876159667969,-0.08946418762207031,0.6031169891357422,-0.6925811767578125
31,shiba_inu,2091,24,24,31,24,-1.6244797706604004,1.535783052444458,-0.7063632011413574,3.1602628231048584,0.918116569519043,2.2421462535858154
31,shiba_inu,995,16,16,16,16,-18.409015655517578,-18.65532875061035,-17.15230941772461,-0.24631309509277344,1.2567062377929688,-1.5030193328857422
31,shiba_inu,77,23,23,23,23,-15.133731842041016,-14.020414352416992,-14.803970336914062,1.1133174896240234,0.3297615051269531,0.7835559844970703
31,shiba_inu,1778,2,2,2,2,-9.156624794006348,-7.965414047241211,-9.010106086730957,1.1912107467651367,0.14651870727539062,1.044692039489746
31,shiba_inu,1031,35,35,35,35,-18.8101806640625,-18.227054595947266,-18.049062728881836,0.5831260681152344,0.7611179351806641,-0.1779918670654297
31,shiba_inu,2308,26,26,26,26,-11.969879150390625,-10.657288551330566,-11.57461929321289,1.3125905990600586,0.3952598571777344,0.9173307418823242
31,shiba_inu,2397,34,34,34,34,-11.47817611694336,-11.040077209472656,-11.853017807006836,0.4380989074707031,-0.37484169006347656,0.8129405975341797
31,shiba_inu,307,27,27,27,27,-17.147472381591797,-17.390438079833984,-17.185794830322266,-0.2429656982421875,-0.03832244873046875,-0.20464324951171875
31,shiba_inu,626,18,18,18,18,-11.118823051452637,-10.553421974182129,-11.04586410522461,0.5654010772705078,0.07295894622802734,0.49244213104248047
33,sphynx,3255,35,35,35,35,-12.494646072387695,-10.006793975830078,-13.676713943481445,2.487852096557617,-1.18206787109375,3.669919967651367
33,sphynx,1680,28,28,28,28,-11.139585494995117,-9.39848518371582,-11.127665519714355,1.7411003112792969,0.011919975280761719,1.7291803359985352
33,sphynx,2986,6,6,6,6,-16.26137924194336,-14.750513076782227,-16.214885711669922,1.5108661651611328,0.0464935302734375,1.4643726348876953
33,sphynx,2610,25,25,25,25,-16.249624252319336,-13.646060943603516,-16.3807430267334,2.6035633087158203,-0.1311187744140625,2.734682083129883
33,sphynx,1633,21,21,21,21,-4.287410736083984,-2.2301523685455322,-3.5722835063934326,2.057258367538452,0.7151272296905518,1.3421311378479004
33,sphynx,3002,21,21,21,21,-4.208634376525879,-2.4362549781799316,-3.8927783966064453,1.7723793983459473,0.3158559799194336,1.4565234184265137
33,sphynx,2002,34,34,34,34,-7.935437202453613,-5.613215923309326,-7.468019485473633,2.322221279144287,0.46741771697998047,1.8548035621643066
33,sphynx,3432,9,9,9,9,-9.613865852355957,-7.069835186004639,-8.594696044921875,2.5440306663513184,1.019169807434082,1.5248608589172363
33,sphynx,2815,36,36,36,36,-12.159830093383789,-10.356658935546875,-12.042104721069336,1.803171157836914,0.11772537231445312,1.685445785522461
33,sphynx,3473,29,29,29,29,-27.84319305419922,-25.521881103515625,-28.078855514526367,2.3213119506835938,-0.23566246032714844,2.556974411010742
33,sphynx,1115,8,8,8,8,-22.119163513183594,-20.233983993530273,-21.33861541748047,1.8851795196533203,0.780548095703125,1.1046314239501953
33,sphynx,286,29,29,29,29,-13.655561447143555,-12.274297714233398,-13.929536819458008,1.3812637329101562,-0.2739753723144531,1.6552391052246094
33,sphynx,231,15,15,15,15,-17.902259826660156,-15.121129989624023,-17.4949893951416,2.781129837036133,0.4072704315185547,2.373859405517578
33,sphynx,28,17,17,17,17,-19.006683349609375,-16.207229614257812,-18.892078399658203,2.7994537353515625,0.11460494995117188,2.6848487854003906
33,sphynx,1162,30,30,30,30,-12.916915893554688,-10.456494331359863,-14.745710372924805,2.460421562194824,-1.8287944793701172,4.289216041564941
33,sphynx,2388,28,28,28,28,-19.156635284423828,-14.831798553466797,-18.33251190185547,4.324836730957031,0.8241233825683594,3.500713348388672
33,sphynx,3245,28,28,28,28,-11.527621269226074,-8.986900329589844,-11.207904815673828,2.5407209396362305,0.3197164535522461,2.2210044860839844
33,sphynx,56,32,32,32,32,-20.40301513671875,-17.533430099487305,-18.817886352539062,2.8695850372314453,1.5851287841796875,1.2844562530517578
33,sphynx,613,8,8,8,8,-14.29104232788086,-12.111567497253418,-13.305031776428223,2.1794748306274414,0.9860105514526367,1.1934642791748047
33,sphynx,3405,9,9,9,9,-17.43570327758789,-15.543649673461914,-16.387374877929688,1.8920536041259766,1.0483283996582031,0.8437252044677734
33,sphynx,2616,12,12,12,12,-12.53072452545166,-11.411867141723633,-12.514787673950195,1.1188573837280273,0.015936851501464844,1.1029205322265625
33,sphynx,2433,35,35,35,35,-13.721158981323242,-12.520061492919922,-13.928380966186523,1.2010974884033203,-0.20722198486328125,1.4083194732666016
33,sphynx,482,32,32,32,32,-15.068224906921387,-12.278298377990723,-13.733509063720703,2.789926528930664,1.3347158432006836,1.4552106857299805
33,sphynx,1044,6,6,6,6,-24.948894500732422,-22.28919219970703,-24.660320281982422,2.6597023010253906,0.28857421875,2.3711280822753906
33,sphynx,840,20,20,20,20,-19.56740379333496,-18.15352439880371,-18.853458404541016,1.41387939453125,0.7139453887939453,0.6999340057373047
33,sphynx,323,16,16,16,16,-21.23555564880371,-19.060483932495117,-20.87194061279297,2.1750717163085938,0.3636150360107422,1.8114566802978516
33,sphynx,676,9,9,9,9,-18.10633659362793,-15.91608715057373,-17.034870147705078,2.190249443054199,1.0714664459228516,1.1187829971313477
33,sphynx,1642,30,30,30,30,-18.331438064575195,-17.44953155517578,-19.261072158813477,0.8819065093994141,-0.9296340942382812,1.8115406036376953
33,sphynx,2887,19,19,19,19,-15.854633331298828,-13.480461120605469,-15.360666275024414,2.3741722106933594,0.49396705627441406,1.8802051544189453
33,sphynx,2106,15,15,15,15,-11.527029037475586,-9.915355682373047,-11.727783203125,1.611673355102539,-0.20075416564941406,1.8124275207519531
33,sphynx,3529,5,5,5,5,-15.76939582824707,-13.710001945495605,-14.024202346801758,2.059393882751465,1.7451934814453125,0.31420040130615234
33,sphynx,1498,35,35,35,35,-13.953544616699219,-12.723255157470703,-14.462665557861328,1.2302894592285156,-0.5091209411621094,1.739410400390625
33,sphynx,2155,0,0,0,0,-9.7593355178833,-8.60892105102539,-8.327953338623047,1.1504144668579102,1.431382179260254,-0.28096771240234375
33,sphynx,2702,31,31,31,31,-22.09131622314453,-19.86904525756836,-20.696548461914062,2.222270965576172,1.3947677612304688,0.8275032043457031
33,sphynx,2968,10,10,10,10,-12.300945281982422,-10.865011215209961,-12.22465991973877,1.435934066772461,0.07628536224365234,1.3596487045288086
33,sphynx,1102,24,24,24,24,-15.7135009765625,-13.897263526916504,-15.557697296142578,1.816237449645996,0.15580368041992188,1.6604337692260742
33,sphynx,2482,25,25,25,25,-17.254138946533203,-14.76103401184082,-16.927431106567383,2.493104934692383,0.3267078399658203,2.1663970947265625
33,sphynx,8,36,36,36,36,-12.049095153808594,-9.334175109863281,-11.81031322479248,2.7149200439453125,0.23878192901611328,2.476138114929199
33,sphynx,1544,26,26,26,26,-15.882111549377441,-14.483070373535156,-15.25208854675293,1.3990411758422852,0.6300230026245117,0.7690181732177734
33,sphynx,2390,32,32,32,32,-14.117517471313477,-12.483530044555664,-13.548466682434082,1.6339874267578125,0.5690507888793945,1.064936637878418
33,sphynx,77,23,23,23,23,-17.38339614868164,-16.100948333740234,-17.576993942260742,1.2824478149414062,-0.19359779357910156,1.4760456085205078
33,sphynx,2945,36,36,36,36,-12.847784042358398,-10.605344772338867,-12.86488151550293,2.2424392700195312,-0.01709747314453125,2.2595367431640625
33,sphynx,2260,4,4,4,4,-14.785870552062988,-11.319636344909668,-13.060007095336914,3.4662342071533203,1.7258634567260742,1.740370750427246
33,sphynx,2745,36,36,36,36,-20.597333908081055,-17.87448501586914,-20.65921401977539,2.722848892211914,-0.06188011169433594,2.78472900390625
33,sphynx,3608,22,22,22,22,-19.358173370361328,-16.961713790893555,-18.531871795654297,2.3964595794677734,0.8263015747070312,1.5701580047607422
33,sphynx,1060,17,17,17,17,-20.046695709228516,-17.399154663085938,-19.472028732299805,2.647541046142578,0.5746669769287109,2.072874069213867
33,sphynx,3652,35,35,35,35,-8.562541961669922,-6.576656341552734,-8.919114112854004,1.9858856201171875,-0.35657215118408203,2.3424577713012695
33,sphynx,1139,10,10,10,10,-15.837890625,-14.080689430236816,-15.479982376098633,1.7572011947631836,0.3579082489013672,1.3992929458618164
33,sphynx,1315,29,29,29,29,-15.868658065795898,-14.449777603149414,-16.18787956237793,1.4188804626464844,-0.31922149658203125,1.7381019592285156
33,sphynx,1383,22,22,22,22,-16.2442569732666,-13.739599227905273,-15.024370193481445,2.504657745361328,1.2198867797851562,1.2847709655761719
33,sphynx,2080,2,2,14,2,-10.670954704284668,-9.34755802154541,-10.62397575378418,1.3233966827392578,0.04697895050048828,1.2764177322387695
33,sphynx,861,17,17,17,17,-20.570337295532227,-18.179218292236328,-19.697864532470703,2.3911190032958984,0.8724727630615234,1.518646240234375
33,sphynx,2571,1,1,1,1,-11.738048553466797,-10.035345077514648,-11.341224670410156,1.7027034759521484,0.3968238830566406,1.3058795928955078
33,sphynx,851,35,35,35,35,-16.943073272705078,-15.124004364013672,-16.574569702148438,1.8190689086914062,0.3685035705566406,1.4505653381347656
33,sphynx,3012,31,31,31,31,-12.3096284866333,-9.922548294067383,-11.11520767211914,2.387080192565918,1.1944208145141602,1.1926593780517578
33,sphynx,1486,3,3,3,3,-17.922632217407227,-15.71327018737793,-16.371715545654297,2.209362030029297,1.5509166717529297,0.6584453582763672
33,sphynx,195,20,20,20,20,-16.257892608642578,-16.321044921875,-16.312646865844727,-0.06315231323242188,-0.05475425720214844,-0.008398056030273438
33,sphynx,1879,24,24,24,24,-15.733612060546875,-14.027904510498047,-15.328027725219727,1.7057075500488281,0.40558433532714844,1.3001232147216797
33,sphynx,1345,6,6,6,6,-9.203865051269531,-6.778318405151367,-8.864113807678223,2.425546646118164,0.3397512435913086,2.0857954025268555
33,sphynx,3568,25,25,25,25,-18.18642807006836,-15.095527648925781,-17.867769241333008,3.090900421142578,0.31865882873535156,2.7722415924072266
33,sphynx,556,35,35,35,35,-21.042436599731445,-18.79731559753418,-20.67868423461914,2.2451210021972656,0.3637523651123047,1.881368637084961
33,sphynx,954,5,5,5,5,-10.374140739440918,-8.193400382995605,-9.19548511505127,2.1807403564453125,1.1786556243896484,1.002084732055664
33,sphynx,620,20,20,20,20,-19.359540939331055,-18.23501205444336,-18.607898712158203,1.1245288848876953,0.7516422271728516,0.37288665771484375
33,sphynx,1714,0,0,0,0,-6.102019309997559,-4.275218486785889,-4.948078155517578,1.82680082321167,1.1539411544799805,0.6728596687316895
34,staffordshire_bull_terrier,3372,3,3,3,3,-19.665157318115234,-19.159456253051758,-19.61944580078125,0.5057010650634766,0.045711517333984375,0.4599895477294922
34,staffordshire_bull_terrier,2786,0,0,0,0,-13.466270446777344,-13.260186195373535,-13.601400375366211,0.2060842514038086,-0.1351299285888672,0.3412141799926758
34,staffordshire_bull_terrier,318,4,4,4,4,-8.304012298583984,-8.105546951293945,-8.254154205322266,0.19846534729003906,0.04985809326171875,0.1486072540283203
34,staffordshire_bull_terrier,2513,1,1,1,1,-17.437705993652344,-16.203506469726562,-17.250347137451172,1.2341995239257812,0.18735885620117188,1.0468406677246094
34,staffordshire_bull_terrier,2524,14,14,14,14,-4.675091743469238,-4.644011497497559,-3.7790040969848633,0.031080245971679688,0.896087646484375,-0.8650074005126953
34,staffordshire_bull_terrier,1463,18,18,18,18,-16.885557174682617,-17.358413696289062,-17.27330780029297,-0.4728565216064453,-0.38775062561035156,-0.08510589599609375
34,staffordshire_bull_terrier,2444,17,17,17,17,-12.040579795837402,-11.743780136108398,-12.47113037109375,0.2967996597290039,-0.43055057525634766,0.7273502349853516
34,staffordshire_bull_terrier,1485,19,19,19,19,-13.099363327026367,-13.627150535583496,-13.836650848388672,-0.5277872085571289,-0.7372875213623047,0.20950031280517578
34,staffordshire_bull_terrier,3507,14,14,14,14,-11.99184799194336,-11.6787109375,-10.818168640136719,0.3131370544433594,1.1736793518066406,-0.8605422973632812
34,staffordshire_bull_terrier,329,22,22,22,22,-15.051128387451172,-14.23666763305664,-15.050228118896484,0.8144607543945312,0.0009002685546875,0.8135604858398438
34,staffordshire_bull_terrier,3655,16,16,16,16,-11.606901168823242,-10.651453018188477,-11.803479194641113,0.9554481506347656,-0.1965780258178711,1.1520261764526367
34,staffordshire_bull_terrier,2076,19,19,19,19,-14.48444938659668,-15.017121315002441,-14.288312911987305,-0.5326719284057617,0.196136474609375,-0.7288084030151367
34,staffordshire_bull_terrier,3409,20,20,20,20,-16.367483139038086,-15.349748611450195,-16.8734130859375,1.0177345275878906,-0.5059299468994141,1.5236644744873047
34,staffordshire_bull_terrier,40,19,19,19,19,-20.421062469482422,-20.311613082885742,-20.703523635864258,0.10944938659667969,-0.28246116638183594,0.3919105529785156
34,staffordshire_bull_terrier,3587,20,20,20,20,-11.821866035461426,-10.589910507202148,-12.201656341552734,1.2319555282592773,-0.3797903060913086,1.611745834350586
34,staffordshire_bull_terrier,451,21,21,21,21,-4.376845836639404,-4.5393171310424805,-3.7320332527160645,-0.16247129440307617,0.6448125839233398,-0.807283878326416
34,staffordshire_bull_terrier,1233,16,16,16,16,-5.521862983703613,-5.07661247253418,-6.010924339294434,0.4452505111694336,-0.4890613555908203,0.9343118667602539
34,staffordshire_bull_terrier,3325,7,7,7,7,-19.415132522583008,-18.756275177001953,-19.083755493164062,0.6588573455810547,0.3313770294189453,0.3274803161621094
34,staffordshire_bull_terrier,2581,20,20,20,20,-10.689892768859863,-9.925336837768555,-10.683111190795898,0.7645559310913086,0.006781578063964844,0.7577743530273438
34,staffordshire_bull_terrier,1994,8,8,8,8,-11.017361640930176,-10.605886459350586,-10.390713691711426,0.41147518157958984,0.62664794921875,-0.21517276763916016
34,staffordshire_bull_terrier,3142,32,32,32,32,-6.931324481964111,-6.890990257263184,-6.59882116317749,0.040334224700927734,0.3325033187866211,-0.29216909408569336
34,staffordshire_bull_terrier,2843,9,9,9,9,-13.93644905090332,-13.128854751586914,-13.705877304077148,0.8075942993164062,0.23057174682617188,0.5770225524902344
34,staffordshire_bull_terrier,3373,36,36,36,36,-20.01085662841797,-20.050796508789062,-21.051246643066406,-0.03993988037109375,-1.0403900146484375,1.0004501342773438
34,staffordshire_bull_terrier,1122,8,8,8,8,-12.405003547668457,-12.040239334106445,-12.37266731262207,0.3647642135620117,0.03233623504638672,0.332427978515625
34,staffordshire_bull_terrier,1040,28,28,28,28,-20.287830352783203,-19.954425811767578,-20.315765380859375,0.333404541015625,-0.027935028076171875,0.3613395690917969
34,staffordshire_bull_terrier,1612,15,15,15,15,-16.019079208374023,-16.19689178466797,-16.005285263061523,-0.1778125762939453,0.0137939453125,-0.1916065216064453
34,staffordshire_bull_terrier,3248,3,3,3,3,-11.90785026550293,-11.066132545471191,-11.904011726379395,0.8417177200317383,0.0038385391235351562,0.8378791809082031
34,staffordshire_bull_terrier,951,23,23,23,23,-15.351958274841309,-14.224964141845703,-16.318233489990234,1.1269941329956055,-0.9662752151489258,2.0932693481445312
34,staffordshire_bull_terrier,921,16,16,16,16,-16.881290435791016,-16.3759708404541,-16.89760971069336,0.5053195953369141,-0.01631927490234375,0.5216388702392578
34,staffordshire_bull_terrier,3523,35,35,35,35,-15.327378273010254,-15.146197319030762,-15.776815414428711,0.1811809539794922,-0.44943714141845703,0.6306180953979492
34,staffordshire_bull_terrier,1615,35,35,35,35,-8.588366508483887,-8.370086669921875,-8.911298751831055,0.21827983856201172,-0.32293224334716797,0.5412120819091797
34,staffordshire_bull_terrier,2322,7,7,7,7,-19.205982208251953,-18.70916175842285,-18.73257064819336,0.49682044982910156,0.47341156005859375,0.023408889770507812
34,staffordshire_bull_terrier,3107,3,3,3,3,-10.498490333557129,-9.283737182617188,-10.508641242980957,1.2147531509399414,-0.010150909423828125,1.2249040603637695
34,staffordshire_bull_terrier,3194,36,36,36,36,-15.049198150634766,-15.086019515991211,-15.592412948608398,-0.03682136535644531,-0.5432147979736328,0.5063934326171875
34,staffordshire_bull_terrier,1819,26,26,26,26,-10.627500534057617,-9.095293998718262,-10.788566589355469,1.5322065353393555,-0.16106605529785156,1.693272590637207
34,staffordshire_bull_terrier,459,36,36,36,36,-12.584586143493652,-11.723197937011719,-13.30461597442627,0.8613882064819336,-0.7200298309326172,1.5814180374145508
34,staffordshire_bull_terrier,1942,27,27,27,27,-9.20074462890625,-8.741865158081055,-9.231746673583984,0.4588794708251953,-0.031002044677734375,0.4898815155029297
34,staffordshire_bull_terrier,2529,30,30,30,30,-15.071733474731445,-13.87661361694336,-15.040033340454102,1.195119857788086,0.03170013427734375,1.1634197235107422
34,staffordshire_bull_terrier,2107,26,26,26,26,-12.650351524353027,-12.062925338745117,-12.766855239868164,0.5874261856079102,-0.11650371551513672,0.7039299011230469
34,staffordshire_bull_terrier,1698,28,28,28,28,-10.725813865661621,-9.782137870788574,-11.038262367248535,0.9436759948730469,-0.31244850158691406,1.256124496459961
34,staffordshire_bull_terrier,2773,20,20,20,20,-13.85458755493164,-12.457966804504395,-14.612728118896484,1.396620750427246,-0.7581405639648438,2.15476131439209
34,staffordshire_bull_terrier,137,21,21,21,21,-12.950279235839844,-13.806010246276855,-12.018972396850586,-0.8557310104370117,0.9313068389892578,-1.7870378494262695
34,staffordshire_bull_terrier,815,3,3,3,3,-16.964725494384766,-16.22795295715332,-17.250301361083984,0.7367725372314453,-0.28557586669921875,1.022348403930664
34,staffordshire_bull_terrier,2810,30,30,30,30,-12.703544616699219,-11.49833869934082,-12.009054183959961,1.2052059173583984,0.6944904327392578,0.5107154846191406
34,staffordshire_bull_terrier,528,14,14,14,3,-5.526528358459473,-5.650433540344238,-5.285056114196777,-0.12390518188476562,0.2414722442626953,-0.36537742614746094
34,staffordshire_bull_terrier,2211,22,22,22,22,-10.992851257324219,-10.128350257873535,-11.499717712402344,0.8645009994506836,-0.506866455078125,1.3713674545288086
34,staffordshire_bull_terrier,3457,6,6,6,6,-16.93769073486328,-16.71673583984375,-17.531400680541992,0.22095489501953125,-0.5937099456787109,0.8146648406982422
34,staffordshire_bull_terrier,129,23,23,23,23,-10.514656066894531,-9.682390213012695,-10.901336669921875,0.8322658538818359,-0.38668060302734375,1.2189464569091797
34,staffordshire_bull_terrier,406,24,24,24,24,-8.622600555419922,-7.757689476013184,-9.012459754943848,0.8649110794067383,-0.3898591995239258,1.254770278930664
34,staffordshire_bull_terrier,773,15,15,15,15,-13.321033477783203,-13.002872467041016,-13.803468704223633,0.3181610107421875,-0.4824352264404297,0.8005962371826172
34,staffordshire_bull_terrier,2358,3,3,3,3,-12.555294036865234,-11.372852325439453,-12.75450611114502,1.1824417114257812,-0.19921207427978516,1.3816537857055664
34,staffordshire_bull_terrier,321,35,35,35,35,-10.554679870605469,-10.597505569458008,-11.151678085327148,-0.04282569885253906,-0.5969982147216797,0.5541725158691406
34,staffordshire_bull_terrier,2502,9,9,9,9,-16.920413970947266,-15.745309829711914,-16.77842140197754,1.1751041412353516,0.14199256896972656,1.033111572265625
34,staffordshire_bull_terrier,417,23,23,23,23,-18.91808319091797,-17.792192459106445,-19.935089111328125,1.1258907318115234,-1.0170059204101562,2.1428966522216797
34,staffordshire_bull_terrier,2991,12,12,12,12,-20.609962463378906,-20.33877944946289,-19.626625061035156,0.2711830139160156,0.98333740234375,-0.7121543884277344
34,staffordshire_bull_terrier,2578,17,17,17,17,-15.515167236328125,-15.463096618652344,-15.732272148132324,0.05207061767578125,-0.21710491180419922,0.26917552947998047
34,staffordshire_bull_terrier,2179,31,31,31,31,-12.816412925720215,-12.387774467468262,-13.007051467895508,0.4286384582519531,-0.19063854217529297,0.6192770004272461
34,staffordshire_bull_terrier,2285,35,35,35,35,-12.837318420410156,-13.132562637329102,-13.101423263549805,-0.2952442169189453,-0.26410484313964844,-0.031139373779296875
34,staffordshire_bull_terrier,783,35,35,35,35,-14.237069129943848,-14.144207000732422,-15.257296562194824,0.09286212921142578,-1.0202274322509766,1.1130895614624023
34,staffordshire_bull_terrier,2893,6,6,6,6,-20.296844482421875,-20.298097610473633,-21.082204818725586,-0.0012531280517578125,-0.7853603363037109,0.7841072082519531
34,staffordshire_bull_terrier,1374,0,0,0,0,-13.547981262207031,-13.610574722290039,-13.090243339538574,-0.06259346008300781,0.45773792266845703,-0.5203313827514648
34,staffordshire_bull_terrier,965,30,30,30,30,-16.497970581054688,-15.69251823425293,-16.368114471435547,0.8054523468017578,0.12985610961914062,0.6755962371826172
34,staffordshire_bull_terrier,8,36,36,36,36,-16.239816665649414,-16.00490951538086,-16.366167068481445,0.2349071502685547,-0.12635040283203125,0.36125755310058594
34,staffordshire_bull_terrier,2125,15,15,15,15,-13.457124710083008,-13.032303810119629,-13.953350067138672,0.4248208999633789,-0.49622535705566406,0.921046257019043
35,wheaten_terrier,1827,28,28,28,28,-13.610164642333984,-11.120329856872559,-12.394899368286133,2.489834785461426,1.2152652740478516,1.2745695114135742
35,wheaten_terrier,1733,3,3,3,3,-13.539955139160156,-9.652942657470703,-11.977981567382812,3.887012481689453,1.5619735717773438,2.3250389099121094
35,wheaten_terrier,2881,6,6,6,6,-19.198726654052734,-17.018714904785156,-18.090566635131836,2.180011749267578,1.1081600189208984,1.0718517303466797
35,wheaten_terrier,2146,7,7,7,7,-16.241945266723633,-13.19064712524414,-15.940606117248535,3.051298141479492,0.30133914947509766,2.7499589920043945
35,wheaten_terrier,2073,29,29,29,29,-19.213741302490234,-16.9208984375,-18.481258392333984,2.2928428649902344,0.73248291015625,1.5603599548339844
35,wheaten_terrier,1132,4,4,4,4,-21.50925636291504,-17.730676651000977,-20.500629425048828,3.7785797119140625,1.008626937866211,2.7699527740478516
35,wheaten_terrier,685,29,29,29,29,-18.307464599609375,-15.855194091796875,-17.265796661376953,2.4522705078125,1.0416679382324219,1.4106025695800781
35,wheaten_terrier,3535,15,15,15,15,-11.504988670349121,-10.197259902954102,-11.011353492736816,1.3077287673950195,0.4936351776123047,0.8140935897827148
35,wheaten_terrier,1102,24,24,24,24,-13.619865417480469,-10.635702133178711,-13.52484130859375,2.984163284301758,0.09502410888671875,2.889139175415039
35,wheaten_terrier,736,6,6,6,6,-18.9202938079834,-17.48231315612793,-18.043092727661133,1.4379806518554688,0.8772010803222656,0.5607795715332031
35,wheaten_terrier,2989,31,31,31,31,-16.59810447692871,-12.75318431854248,-16.476001739501953,3.8449201583862305,0.12210273742675781,3.7228174209594727
35,wheaten_terrier,1867,15,15,15,15,-8.094407081604004,-6.304221153259277,-7.728065490722656,1.7901859283447266,0.36634159088134766,1.423844337463379
35,wheaten_terrier,636,17,17,17,17,-20.431991577148438,-17.420869827270508,-19.749467849731445,3.0111217498779297,0.6825237274169922,2.3285980224609375
35,wheaten_terrier,2356,18,18,18,18,-18.62143898010254,-15.98281478881836,-18.22020721435547,2.6386241912841797,0.4012317657470703,2.2373924255371094
35,wheaten_terrier,1341,25,25,25,25,-11.796775817871094,-10.489667892456055,-11.741567611694336,1.307107925415039,0.05520820617675781,1.2518997192382812
35,wheaten_terrier,1064,8,8,8,8,-6.711875915527344,-4.454253673553467,-6.296545505523682,2.257622241973877,0.4153304100036621,1.8422918319702148
35,wheaten_terrier,1943,0,0,0,0,-15.783672332763672,-13.268428802490234,-15.28105354309082,2.5152435302734375,0.5026187896728516,2.012624740600586
35,wheaten_terrier,2573,5,5,5,5,-10.004446029663086,-7.099732398986816,-9.563405990600586,2.9047136306762695,0.4410400390625,2.4636735916137695
35,wheaten_terrier,1400,14,14,14,14,-11.93685531616211,-8.616135597229004,-11.175935745239258,3.3207197189331055,0.7609195709228516,2.559800148010254
35,wheaten_terrier,1374,0,0,0,0,-14.307353973388672,-11.199625968933105,-13.991938591003418,3.1077280044555664,0.3154153823852539,2.7923126220703125
35,wheaten_terrier,1021,20,20,20,20,-13.246630668640137,-11.046867370605469,-12.399568557739258,2.199763298034668,0.8470621109008789,1.352701187133789
35,wheaten_terrier,1884,17,17,17,17,-13.265615463256836,-8.573575019836426,-12.443366050720215,4.69204044342041,0.8222494125366211,3.869791030883789
35,wheaten_terrier,824,25,25,25,25,-16.792739868164062,-14.548693656921387,-17.037723541259766,2.244046211242676,-0.24498367309570312,2.489029884338379
35,wheaten_terrier,3513,21,21,21,21,-14.817771911621094,-13.131836891174316,-15.451482772827148,1.6859350204467773,-0.6337108612060547,2.319645881652832
35,wheaten_terrier,1262,36,36,36,36,-14.597811698913574,-12.790229797363281,-14.7996187210083,1.807581901550293,-0.20180702209472656,2.0093889236450195
35,wheaten_terrier,3501,12,12,12,12,-5.400442123413086,-3.3750269412994385,-5.822382926940918,2.0254151821136475,-0.42194080352783203,2.4473559856414795
35,wheaten_terrier,2102,13,13,13,13,-15.78598690032959,-11.561927795410156,-14.584632873535156,4.224059104919434,1.2013540267944336,3.022705078125
35,wheaten_terrier,1438,27,27,27,27,-17.100292205810547,-14.363715171813965,-15.264717102050781,2.736577033996582,1.8355751037597656,0.9010019302368164
35,wheaten_terrier,1566,30,30,30,30,-15.675298690795898,-14.094989776611328,-15.331592559814453,1.5803089141845703,0.3437061309814453,1.236602783203125
35,wheaten_terrier,3115,14,14,14,14,-17.278018951416016,-11.92060375213623,-15.567930221557617,5.357415199279785,1.7100887298583984,3.6473264694213867
35,wheaten_terrier,3144,22,22,22,22,-16.91745376586914,-13.487859725952148,-15.953969955444336,3.429594039916992,0.9634838104248047,2.4661102294921875
35,wheaten_terrier,1014,36,36,36,36,-15.47470474243164,-12.460506439208984,-15.868955612182617,3.0141983032226562,-0.39425086975097656,3.408449172973633
35,wheaten_terrier,852,5,5,5,5,-16.331430435180664,-14.107922554016113,-16.274648666381836,2.223507881164551,0.056781768798828125,2.1667261123657227
35,wheaten_terrier,2481,3,3,3,3,-9.599411010742188,-6.891139030456543,-8.896631240844727,2.7082719802856445,0.7027797698974609,2.0054922103881836
35,wheaten_terrier,121,9,9,9,9,-7.623150825500488,-4.576968193054199,-6.729544639587402,3.046182632446289,0.8936061859130859,2.152576446533203
35,wheaten_terrier,277,36,36,36,36,-11.93067455291748,-10.327216148376465,-12.434287071228027,1.6034584045410156,-0.5036125183105469,2.1070709228515625
35,wheaten_terrier,1382,36,36,36,36,-13.375343322753906,-11.71832275390625,-13.392342567443848,1.6570205688476562,-0.016999244689941406,1.6740198135375977
35,wheaten_terrier,3170,14,14,14,14,-18.793315887451172,-15.76060962677002,-17.244131088256836,3.0327062606811523,1.549184799194336,1.4835214614868164
35,wheaten_terrier,1546,29,29,29,29,-18.592735290527344,-16.680252075195312,-17.257972717285156,1.9124832153320312,1.3347625732421875,0.5777206420898438
35,wheaten_terrier,1883,17,17,17,17,-16.239501953125,-12.922651290893555,-15.723953247070312,3.3168506622314453,0.5155487060546875,2.801301956176758
35,wheaten_terrier,959,14,14,14,14,-7.861982345581055,-4.866161346435547,-7.149827003479004,2.995820999145508,0.7121553421020508,2.283665657043457
35,wheaten_terrier,1390,33,33,33,33,-19.115236282348633,-17.004627227783203,-18.04277229309082,2.1106090545654297,1.0724639892578125,1.0381450653076172
35,wheaten_terrier,3264,16,16,16,16,-10.81902027130127,-8.879594802856445,-9.9617919921875,1.9394254684448242,0.8572282791137695,1.0821971893310547
35,wheaten_terrier,3488,9,9,9,9,-18.72861099243164,-16.450172424316406,-17.79998779296875,2.2784385681152344,0.9286231994628906,1.3498153686523438
35,wheaten_terrier,825,34,34,34,34,-11.12807846069336,-7.687561988830566,-10.261394500732422,3.440516471862793,0.8666839599609375,2.5738325119018555
35,wheaten_terrier,823,24,24,24,24,-13.34742546081543,-10.136957168579102,-13.475040435791016,3.210468292236328,-0.12761497497558594,3.338083267211914
35,wheaten_terrier,582,11,11,11,11,-10.597723007202148,-7.1658735275268555,-9.703839302062988,3.431849479675293,0.8938837051391602,2.537965774536133
35,wheaten_terrier,5,34,34,34,34,-21.062103271484375,-18.907176971435547,-20.790185928344727,2.154926300048828,0.27191734313964844,1.8830089569091797
35,wheaten_terrier,2171,6,6,6,6,-21.144620895385742,-19.995800018310547,-20.636301040649414,1.1488208770751953,0.5083198547363281,0.6405010223388672
35,wheaten_terrier,2372,29,29,29,29,-19.850439071655273,-17.4759464263916,-18.804641723632812,2.374492645263672,1.045797348022461,1.328695297241211
35,wheaten_terrier,1464,17,17,17,17,-16.23960304260254,-11.899394989013672,-15.276082038879395,4.340208053588867,0.9635210037231445,3.3766870498657227
35,wheaten_terrier,202,22,22,22,22,-17.500139236450195,-15.10245418548584,-17.34698486328125,2.3976850509643555,0.1531543731689453,2.24453067779541
35,wheaten_terrier,2069,23,23,23,23,-16.381484985351562,-15.708147048950195,-16.163349151611328,0.6733379364013672,0.21813583374023438,0.4552021026611328
35,wheaten_terrier,2329,8,8,8,8,-10.26927375793457,-7.90382194519043,-10.249434471130371,2.3654518127441406,0.01983928680419922,2.3456125259399414
35,wheaten_terrier,3011,25,25,25,25,-17.42305564880371,-15.52720832824707,-17.43234634399414,1.8958473205566406,-0.009290695190429688,1.9051380157470703
35,wheaten_terrier,1313,13,13,13,13,-22.949419021606445,-20.822580337524414,-22.233360290527344,2.1268386840820312,0.7160587310791016,1.4107799530029297
35,wheaten_terrier,1497,6,6,6,6,-15.188804626464844,-12.188431739807129,-14.206941604614258,3.000372886657715,0.9818630218505859,2.018509864807129
35,wheaten_terrier,788,33,33,33,33,-16.861011505126953,-14.145622253417969,-15.207115173339844,2.7153892517089844,1.6538963317871094,1.061492919921875
35,wheaten_terrier,1130,29,29,29,29,-24.401317596435547,-21.97056007385254,-23.466835021972656,2.430757522583008,0.9344825744628906,1.4962749481201172
35,wheaten_terrier,2310,26,26,26,26,-11.554943084716797,-9.469759941101074,-9.586297988891602,2.0851831436157227,1.9686450958251953,0.11653804779052734
35,wheaten_terrier,1322,17,17,17,17,-21.797657012939453,-19.595733642578125,-21.72260284423828,2.201923370361328,0.07505416870117188,2.1268692016601562
35,wheaten_terrier,3090,14,14,14,14,-18.202987670898438,-15.571497917175293,-17.718332290649414,2.6314897537231445,0.48465538024902344,2.146834373474121
35,wheaten_terrier,2554,20,20,20,20,-14.55267333984375,-12.52114486694336,-13.505043029785156,2.0315284729003906,1.0476303100585938,0.9838981628417969
35,wheaten_terrier,2656,11,11,11,11,-19.64818000793457,-13.45047378540039,-17.35858726501465,6.19770622253418,2.289592742919922,3.908113479614258
36,yorkshire_terrier,236,8,8,8,8,-12.055124282836914,-7.928250789642334,-12.279523849487305,4.12687349319458,-0.22439956665039062,4.351273059844971
36,yorkshire_terrier,2270,32,32,32,32,-16.499805450439453,-13.237282752990723,-15.181720733642578,3.2625226974487305,1.318084716796875,1.9444379806518555
36,yorkshire_terrier,7,35,35,35,35,-9.145149230957031,-8.331038475036621,-9.467782974243164,0.8141107559204102,-0.3226337432861328,1.136744499206543
36,yorkshire_terrier,1333,8,8,8,8,-13.675267219543457,-9.735677719116211,-13.782291412353516,3.939589500427246,-0.1070241928100586,4.046613693237305
36,yorkshire_terrier,1778,2,2,2,34,-11.983227729797363,-9.592418670654297,-11.609450340270996,2.3908090591430664,0.3737773895263672,2.017031669616699
36,yorkshire_terrier,2627,23,23,23,23,-15.577733039855957,-13.852783203125,-14.96792221069336,1.724949836730957,0.6098108291625977,1.1151390075683594
36,yorkshire_terrier,2494,5,5,5,5,-6.967367649078369,-3.5306143760681152,-7.4359965324401855,3.436753273010254,-0.4686288833618164,3.9053821563720703
36,yorkshire_terrier,3182,22,22,22,22,-17.909440994262695,-14.423238754272461,-16.73165512084961,3.4862022399902344,1.177785873413086,2.3084163665771484
36,yorkshire_terrier,447,8,8,8,8,-14.800275802612305,-10.933344841003418,-15.019705772399902,3.8669309616088867,-0.21942996978759766,4.086360931396484
36,yorkshire_terrier,2546,28,28,28,28,-13.699322700500488,-11.04062271118164,-13.05734634399414,2.6586999893188477,0.6419763565063477,2.0167236328125
36,yorkshire_terrier,3281,5,5,5,11,-12.54202651977539,-10.188596725463867,-12.833151817321777,2.3534297943115234,-0.2911252975463867,2.64455509185791
36,yorkshire_terrier,1982,31,31,31,31,-17.523767471313477,-10.257345199584961,-17.045827865600586,7.266422271728516,0.4779396057128906,6.788482666015625
36,yorkshire_terrier,3167,23,23,23,23,-10.67740249633789,-8.99960708618164,-9.866294860839844,1.67779541015625,0.8111076354980469,0.8666877746582031
36,yorkshire_terrier,843,16,16,16,16,-18.781322479248047,-16.953720092773438,-18.41303825378418,1.8276023864746094,0.3682842254638672,1.4593181610107422
36,yorkshire_terrier,1757,32,32,32,32,-18.913043975830078,-15.06462287902832,-17.842056274414062,3.848421096801758,1.0709877014160156,2.777433395385742
36,yorkshire_terrier,134,15,15,15,15,-14.039243698120117,-11.414384841918945,-14.20451545715332,2.624858856201172,-0.16527175903320312,2.790130615234375
36,yorkshire_terrier,2923,11,11,11,11,-18.190929412841797,-13.296180725097656,-21.259565353393555,4.894748687744141,-3.068635940551758,7.963384628295898
36,yorkshire_terrier,207,0,0,0,0,-12.770833969116211,-8.312877655029297,-12.112794876098633,4.457956314086914,0.6580390930175781,3.799917221069336
36,yorkshire_terrier,2343,1,1,1,1,-14.105447769165039,-7.949769973754883,-13.110780715942383,6.155677795410156,0.9946670532226562,5.1610107421875
36,yorkshire_terrier,1945,24,24,24,24,-6.474353790283203,-5.394482135772705,-6.334256172180176,1.079871654510498,0.14009761810302734,0.9397740364074707
36,yorkshire_terrier,2137,8,8,8,8,-17.861465454101562,-14.872381210327148,-18.492305755615234,2.989084243774414,-0.6308403015136719,3.619924545288086
36,yorkshire_terrier,85,7,7,7,7,-11.70599365234375,-6.258079528808594,-12.331246376037598,5.447914123535156,-0.6252527236938477,6.073166847229004
36,yorkshire_terrier,1165,13,13,13,13,-13.287490844726562,-10.048503875732422,-11.797517776489258,3.2389869689941406,1.4899730682373047,1.749013900756836
36,yorkshire_terrier,1554,11,11,11,11,-17.783248901367188,-15.25119400024414,-20.001815795898438,2.532054901123047,-2.21856689453125,4.750621795654297
36,yorkshire_terrier,2826,35,35,35,35,-5.408989429473877,-2.244215488433838,-5.981691837310791,3.164773941040039,-0.5727024078369141,3.737476348876953
36,yorkshire_terrier,917,29,29,29,29,-18.876405715942383,-14.776973724365234,-17.88180923461914,4.099431991577148,0.9945964813232422,3.1048355102539062
36,yorkshire_terrier,602,26,26,26,26,-19.926761627197266,-14.832939147949219,-18.339920043945312,5.093822479248047,1.5868415832519531,3.5069808959960938
36,yorkshire_terrier,1883,17,17,17,17,-13.506065368652344,-9.723060607910156,-13.171703338623047,3.7830047607421875,0.3343620300292969,3.4486427307128906
36,yorkshire_terrier,2986,6,6,6,6,-14.639724731445312,-12.997770309448242,-13.718097686767578,1.6419544219970703,0.9216270446777344,0.7203273773193359
36,yorkshire_terrier,1571,35,35,35,35,-9.721970558166504,-5.809603214263916,-9.533930778503418,3.912367343902588,0.18803977966308594,3.724327564239502
36,yorkshire_terrier,1703,0,0,0,0,-11.775192260742188,-5.7754411697387695,-11.827635765075684,5.999751091003418,-0.052443504333496094,6.052194595336914
36,yorkshire_terrier,885,1,1,1,1,-15.552644729614258,-12.714309692382812,-15.228328704833984,2.8383350372314453,0.32431602478027344,2.514019012451172
36,yorkshire_terrier,2391,32,32,32,32,-14.426679611206055,-9.672388076782227,-13.600597381591797,4.754291534423828,0.8260822296142578,3.9282093048095703
36,yorkshire_terrier,3251,17,17,17,17,-16.657236099243164,-13.60807991027832,-15.740177154541016,3.0491561889648438,0.9170589447021484,2.1320972442626953
36,yorkshire_terrier,809,24,24,24,24,-14.285964965820312,-9.659621238708496,-14.092782974243164,4.626343727111816,0.19318199157714844,4.433161735534668
36,yorkshire_terrier,2264,16,16,16,16,-7.465109825134277,-5.518876075744629,-7.540093898773193,1.9462337493896484,-0.07498407363891602,2.0212178230285645
36,yorkshire_terrier,2181,13,13,13,13,-12.69985580444336,-10.894441604614258,-11.354680061340332,1.8054141998291016,1.3451757431030273,0.4602384567260742
36,yorkshire_terrier,928,35,35,35,35,-7.257781505584717,-6.893370628356934,-7.130892276763916,0.3644108772277832,0.12688922882080078,0.23752164840698242
36,yorkshire_terrier,2941,5,5,5,11,-7.487237930297852,-5.589325904846191,-8.246071815490723,1.8979120254516602,-0.7588338851928711,2.6567459106445312
36,yorkshire_terrier,1295,20,20,20,20,-10.06333065032959,-8.226984977722168,-9.984789848327637,1.8363456726074219,0.07854080200195312,1.7578048706054688
36,yorkshire_terrier,1234,1,1,1,1,-16.76823616027832,-12.197654724121094,-16.85696029663086,4.570581436157227,-0.08872413635253906,4.659305572509766
36,yorkshire_terrier,2335,28,28,28,28,-20.466955184936523,-17.701221466064453,-20.397476196289062,2.7657337188720703,0.06947898864746094,2.6962547302246094
36,yorkshire_terrier,2171,6,6,6,6,-22.204448699951172,-19.24890899658203,-20.08241081237793,2.9555397033691406,2.122037887573242,0.8335018157958984
36,yorkshire_terrier,714,12,12,12,12,-15.05638313293457,-13.43859577178955,-13.676636695861816,1.6177873611450195,1.379746437072754,0.23804092407226562
36,yorkshire_terrier,204,25,25,25,25,-10.009371757507324,-7.433602333068848,-10.165351867675781,2.5757694244384766,-0.15598011016845703,2.7317495346069336
36,yorkshire_terrier,794,10,10,10,10,-12.206920623779297,-6.685070037841797,-11.86136245727539,5.5218505859375,0.34555816650390625,5.176292419433594
36,yorkshire_terrier,225,1,1,1,1,-18.81108856201172,-13.681998252868652,-18.108383178710938,5.129090309143066,0.7027053833007812,4.426384925842285
36,yorkshire_terrier,3108,33,33,33,33,-16.641305923461914,-13.128722190856934,-15.943094253540039,3.5125837326049805,0.698211669921875,2.8143720626831055
36,yorkshire_terrier,2400,30,30,30,30,-8.794816017150879,-4.274643421173096,-8.703163146972656,4.520172595977783,0.09165287017822266,4.4285197257995605
36,yorkshire_terrier,881,10,10,10,10,-8.631553649902344,-5.370115280151367,-8.145641326904297,3.2614383697509766,0.4859123229980469,2.7755260467529297
36,yorkshire_terrier,1782,29,29,29,29,-16.602279663085938,-11.75843334197998,-15.138031005859375,4.843846321105957,1.4642486572265625,3.3795976638793945
36,yorkshire_terrier,3410,11,11,11,11,-19.305917739868164,-15.9461088180542,-21.539310455322266,3.359808921813965,-2.2333927154541016,5.593201637268066
36,yorkshire_terrier,2012,18,18,18,18,-20.426843643188477,-16.074995040893555,-20.734521865844727,4.351848602294922,-0.30767822265625,4.659526824951172
36,yorkshire_terrier,49,6,6,6,6,-20.068134307861328,-16.770275115966797,-17.929475784301758,3.2978591918945312,2.1386585235595703,1.159200668334961
36,yorkshire_terrier,3280,10,10,10,10,-14.498425483703613,-12.353567123413086,-14.246545791625977,2.1448583602905273,0.2518796920776367,1.8929786682128906
36,yorkshire_terrier,1109,13,13,13,13,-16.287830352783203,-14.051633834838867,-15.153288841247559,2.236196517944336,1.1345415115356445,1.1016550064086914
36,yorkshire_terrier,2388,28,28,28,28,-16.1309814453125,-11.905228614807129,-15.603565216064453,4.225752830505371,0.5274162292480469,3.698336601257324
36,yorkshire_terrier,1184,27,27,27,27,-17.502853393554688,-13.806916236877441,-16.814651489257812,3.695937156677246,0.688201904296875,3.007735252380371
36,yorkshire_terrier,1745,35,35,35,35,-16.33934783935547,-15.432700157165527,-16.00132179260254,0.9066476821899414,0.3380260467529297,0.5686216354370117
36,yorkshire_terrier,1461,16,16,16,16,-10.598496437072754,-8.385880470275879,-10.668813705444336,2.212615966796875,-0.07031726837158203,2.282933235168457
36,yorkshire_terrier,3305,17,17,17,17,-14.379854202270508,-10.69177532196045,-13.889542579650879,3.6880788803100586,0.4903116226196289,3.1977672576904297
36,yorkshire_terrier,3284,29,29,29,29,-20.553037643432617,-16.663448333740234,-19.333223342895508,3.889589309692383,1.2198143005371094,2.6697750091552734
36,yorkshire_terrier,1874,6,6,6,6,-11.876155853271484,-9.03039264678955,-10.53118896484375,2.8457632064819336,1.3449668884277344,1.5007963180541992
36,yorkshire_terrier,918,6,6,6,6,-21.71039581298828,-17.767019271850586,-20.22378921508789,3.9433765411376953,1.4866065979003906,2.4567699432373047
